Clone;molecule;conc;time;Nsurv;replicate;day
AL0;C;0.00;0;10;ControlA;18-juil
AL0;C;0.00;1;10;ControlA;18-juil
AL0;C;0.00;2;10;ControlA;18-juil
AL0;C;0.064;0;10;AA;18-juil
AL0;C;0.064;1;10;AA;18-juil
AL0;C;0.064;2;9;AA;18-juil
AL0;C;0.129;0;10;AB;18-juil
AL0;C;0.129;1;10;AB;18-juil
AL0;C;0.129;2;10;AB;18-juil
AL0;C;0.166;0;10;AC;18-juil
AL0;C;0.166;1;10;AC;18-juil
AL0;C;0.166;2;9;AC;18-juil
AL0;C;0.191;0;10;AD;18-juil
AL0;C;0.191;1;10;AD;18-juil
AL0;C;0.191;2;10;AD;18-juil
AL0;C;0.248;0;10;AE;18-juil
AL0;C;0.248;1;10;AE;18-juil
AL0;C;0.248;2;9;AE;18-juil
AL0;C;0.305;0;10;AF;18-juil
AL0;C;0.305;1;10;AF;18-juil
AL0;C;0.305;2;8;AF;18-juil
AL0;C;0.519;0;10;AG;18-juil
AL0;C;0.519;1;2;AG;18-juil
AL0;C;0.519;2;1;AG;18-juil
AL0;C;0.00;0;10;ControlB;29-juil
AL0;C;0.00;1;10;ControlB;29-juil
AL0;C;0.00;2;9;ControlB;29-juil
AL0;C;0.595;0;10;BA;29-juil
AL0;C;0.595;1;6;BA;29-juil
AL0;C;0.595;2;1;BA;29-juil
AL0;C;0.00;0;10;ControlC;05-août
AL0;C;0.00;1;10;ControlC;05-août
AL0;C;0.00;2;10;ControlC;05-août
AL0;C;0.370;0;10;CA;05-août
AL0;C;0.370;1;8;CA;05-août
AL0;C;0.370;2;5;CA;05-août
AL0;C;0.431;0;10;CB;05-août
AL0;C;0.431;1;7;CB;05-août
AL0;C;0.431;2;1;CB;05-août
AL0;C;0.00;0;20;ControlD;02-sept
AL0;C;0.00;1;20;ControlD;02-sept
AL0;C;0.00;2;20;ControlD;02-sept
AL0;C;0.064;0;10;DA;02-sept
AL0;C;0.064;1;10;DA;02-sept
AL0;C;0.064;2;10;DA;02-sept
AL0;C;0.129;0;10;DB;02-sept
AL0;C;0.129;1;10;DB;02-sept
AL0;C;0.129;2;10;DB;02-sept
AL0;C;0.166;0;10;DC;02-sept
AL0;C;0.166;1;10;DC;02-sept
AL0;C;0.166;2;10;DC;02-sept
AL0;C;0.191;0;10;DE;02-sept
AL0;C;0.191;1;10;DE;02-sept
AL0;C;0.191;2;10;DE;02-sept
AL0;C;0.248;0;10;DF;02-sept
AL0;C;0.248;1;10;DF;02-sept
AL0;C;0.248;2;9;DF;02-sept
AL0;C;0.305;0;10;DG;02-sept
AL0;C;0.305;1;9;DG;02-sept
AL0;C;0.305;2;8;DG;02-sept
AL0;C;0.370;0;10;DH;02-sept
AL0;C;0.370;1;9;DH;02-sept
AL0;C;0.370;2;5;DH;02-sept
AL0;C;0.431;0;10;DI;02-sept
AL0;C;0.431;1;5;DI;02-sept
AL0;C;0.431;2;1;DI;02-sept
AL0;C;0.519;0;10;DJ;02-sept
AL0;C;0.519;1;4;DJ;02-sept
AL0;C;0.519;2;0;DJ;02-sept
AL0;C;0.595;0;10;DK;02-sept
AL0;C;0.595;1;3;DK;02-sept
AL0;C;0.595;2;0;DK;02-sept
AL0;C;0.00;0;10;ControlE;09-sept
AL0;C;0.00;1;10;ControlE;09-sept
AL0;C;0.00;2;10;ControlE;09-sept
AL0;C;0.064;0;10;EA;09-sept
AL0;C;0.064;1;10;EA;09-sept
AL0;C;0.064;2;10;EA;09-sept
AL0;C;0.248;0;10;EB;09-sept
AL0;C;0.248;1;10;EB;09-sept
AL0;C;0.248;2;10;EB;09-sept
AL0;C;0.305;0;10;EC;09-sept
AL0;C;0.305;1;10;EC;09-sept
AL0;C;0.305;2;10;EC;09-sept
AL0;C;0.370;0;10;ED;09-sept
AL0;C;0.370;1;9;ED;09-sept
AL0;C;0.370;2;8;ED;09-sept
AL0;C;0.431;0;10;EE;09-sept
AL0;C;0.431;1;2;EE;09-sept
AL0;C;0.431;2;2;EE;09-sept
AL0;C;0.519;0;10;EF;09-sept
AL0;C;0.519;1;2;EF;09-sept
AL0;C;0.519;2;2;EF;09-sept
AL0;C;0.595;0;10;EG;09-sept
AL0;C;0.595;1;2;EG;09-sept
AL0;C;0.595;2;1;EG;09-sept
AL0;C;0.00;0;20;ControlF;15-sept
AL0;C;0.00;1;20;ControlF;15-sept
AL0;C;0.00;2;20;ControlF;15-sept
AL0;C;0.166;0;10;FA;15-sept
AL0;C;0.166;1;10;FA;15-sept
AL0;C;0.166;2;10;FA;15-sept
AL0;C;0.191;0;10;FB;15-sept
AL0;C;0.191;1;10;FB;15-sept
AL0;C;0.191;2;10;FB;15-sept
AL0;C;0.248;0;10;FC;15-sept
AL0;C;0.248;1;10;FC;15-sept
AL0;C;0.248;2;10;FC;15-sept
AL0;C;0.305;0;10;FD;15-sept
AL0;C;0.305;1;10;FD;15-sept
AL0;C;0.305;2;9;FD;15-sept
AL0;C;0.370;0;10;FE;15-sept
AL0;C;0.370;1;7;FE;15-sept
AL0;C;0.370;2;2;FE;15-sept
AL0;C;0.431;0;10;FF;15-sept
AL0;C;0.431;1;5;FF;15-sept
AL0;C;0.431;2;1;FF;15-sept
AL0;C;0.519;0;10;FG;15-sept
AL0;C;0.519;1;6;FG;15-sept
AL0;C;0.519;2;0;FG;15-sept
AL0;C;0.595;0;10;FH;15-sept
AL0;C;0.595;1;5;FH;15-sept
AL0;C;0.595;2;0;FH;15-sept
AL0;C;0.00;0;10;ControlG;16-sept
AL0;C;0.00;1;10;ControlG;16-sept
AL0;C;0.00;2;10;ControlG;16-sept
AL0;C;0.064;0;10;GA;16-sept
AL0;C;0.064;1;10;GA;16-sept
AL0;C;0.064;2;9;GA;16-sept
AL0;C;0.129;0;10;GB;16-sept
AL0;C;0.129;1;10;GB;16-sept
AL0;C;0.129;2;10;GB;16-sept
AL0;C;0.166;0;10;GC;16-sept
AL0;C;0.166;1;10;GC;16-sept
AL0;C;0.166;2;10;GC;16-sept
AL0;C;0.191;0;10;GD;16-sept
AL0;C;0.191;1;10;GD;16-sept
AL0;C;0.191;2;10;GD;16-sept
AL0;C;0.248;0;10;GE;16-sept
AL0;C;0.248;1;10;GE;16-sept
AL0;C;0.248;2;10;GE;16-sept
AL0;C;0.305;0;10;GF;16-sept
AL0;C;0.305;1;10;GF;16-sept
AL0;C;0.305;2;10;GF;16-sept
AL0;C;0.370;0;10;GG;16-sept
AL0;C;0.370;1;5;GG;16-sept
AL0;C;0.370;2;3;GG;16-sept
AL0;C;0.431;0;10;GH;16-sept
AL0;C;0.431;1;5;GH;16-sept
AL0;C;0.431;2;1;GH;16-sept
AL0;C;0.00;0;10;ControlH;22-sept
AL0;C;0.00;1;9;ControlH;22-sept
AL0;C;0.00;2;9;ControlH;22-sept
AL0;C;0.129;0;10;HA;22-sept
AL0;C;0.129;1;8;HA;22-sept
AL0;C;0.129;2;8;HA;22-sept
AL0;C;0.166;0;10;HB;22-sept
AL0;C;0.166;1;10;HB;22-sept
AL0;C;0.166;2;10;HB;22-sept
AL0;C;0.191;0;10;HC;22-sept
AL0;C;0.191;1;10;HC;22-sept
AL0;C;0.191;2;10;HC;22-sept
AL0;C;0.00;0;10;ControlI;23-sept
AL0;C;0.00;1;10;ControlI;23-sept
AL0;C;0.00;2;9;ControlI;23-sept
AL0;C;0.064;0;10;IA;23-sept
AL0;C;0.064;1;10;IA;23-sept
AL0;C;0.064;2;10;IA;23-sept
AL0;C;0.129;0;10;IB;23-sept
AL0;C;0.129;1;10;IB;23-sept
AL0;C;0.129;2;10;IB;23-sept
AL0;C;0.519;0;10;IC;23-sept
AL0;C;0.519;1;3;IC;23-sept
AL0;C;0.519;2;1;IC;23-sept
AL0;C;0.595;0;10;ID;23-sept
AL0;C;0.595;1;2;ID;23-sept
AL0;C;0.595;2;1;ID;23-sept
GO6;C;0.00;0;10;ControlA;15-juil
GO6;C;0.00;1;10;ControlA;15-juil
GO6;C;0.00;2;10;ControlA;15-juil
GO6;C;0.064;0;10;AA;15-juil
GO6;C;0.064;1;10;AA;15-juil
GO6;C;0.064;2;10;AA;15-juil
GO6;C;0.166;0;10;AB;15-juil
GO6;C;0.166;1;10;AB;15-juil
GO6;C;0.166;2;7;AB;15-juil
GO6;C;0.191;0;10;AC;15-juil
GO6;C;0.191;1;8;AC;15-juil
GO6;C;0.191;2;2;AC;15-juil
GO6;C;0.305;0;10;AD;15-juil
GO6;C;0.305;1;2;AD;15-juil
GO6;C;0.305;2;0;AD;15-juil
GO6;C;0.519;0;10;AE;15-juil
GO6;C;0.519;1;0;AE;15-juil
GO6;C;0.519;2;0;AE;15-juil
GO6;C;0.00;0;10;ControlB;23-juil
GO6;C;0.00;1;10;ControlB;23-juil
GO6;C;0.00;2;10;ControlB;23-juil
GO6;C;0.129;0;10;BA;23-juil
GO6;C;0.129;1;10;BA;23-juil
GO6;C;0.129;2;10;BA;23-juil
GO6;C;0.248;0;10;BB;23-juil
GO6;C;0.248;1;6;BB;23-juil
GO6;C;0.248;2;0;BB;23-juil
GO6;C;0.00;0;20;ControlC;08-sept
GO6;C;0.00;1;20;ControlC;08-sept
GO6;C;0.00;2;20;ControlC;08-sept
GO6;C;0.064;0;10;CA;08-sept
GO6;C;0.064;1;10;CA;08-sept
GO6;C;0.064;2;10;CA;08-sept
GO6;C;0.129;0;10;CB;08-sept
GO6;C;0.129;1;10;CB;08-sept
GO6;C;0.129;2;10;CB;08-sept
GO6;C;0.166;0;10;CC;08-sept
GO6;C;0.166;1;10;CC;08-sept
GO6;C;0.166;2;4;CC;08-sept
GO6;C;0.191;0;10;CD;08-sept
GO6;C;0.191;1;4;CD;08-sept
GO6;C;0.191;2;1;CD;08-sept
GO6;C;0.248;0;10;CE;08-sept
GO6;C;0.248;1;5;CE;08-sept
GO6;C;0.248;2;0;CE;08-sept
GO6;C;0.305;0;10;CF;08-sept
GO6;C;0.305;1;0;CF;08-sept
GO6;C;0.305;2;0;CF;08-sept
GO6;C;0.519;0;10;CG;08-sept
GO6;C;0.519;1;0;CG;08-sept
GO6;C;0.519;2;0;CG;08-sept
GO6;C;0.595;0;10;CH;08-sept
GO6;C;0.595;1;0;CH;08-sept
GO6;C;0.595;2;0;CH;08-sept
GO6;C;0.595;0;10;CI;08-sept
GO6;C;0.595;1;0;CI;08-sept
GO6;C;0.595;2;0;CI;08-sept
GO6;C;0.595;0;10;CJ;08-sept
GO6;C;0.595;1;0;CJ;08-sept
GO6;C;0.595;2;0;CJ;08-sept
GO6;C;0.00;0;10;ControlD;09-sept
GO6;C;0.00;1;10;ControlD;09-sept
GO6;C;0.00;2;10;ControlD;09-sept
GO6;C;0.064;0;10;DAA;09-sept
GO6;C;0.064;1;10;DAA;09-sept
GO6;C;0.064;2;10;DAA;09-sept
GO6;C;0.129;0;10;DA;09-sept
GO6;C;0.129;1;10;DA;09-sept
GO6;C;0.129;2;9;DA;09-sept
GO6;C;0.166;0;10;DB;09-sept
GO6;C;0.166;1;4;DB;09-sept
GO6;C;0.166;2;2;DB;09-sept
GO6;C;0.191;0;10;DC;09-sept
GO6;C;0.191;1;2;DC;09-sept
GO6;C;0.191;2;0;DC;09-sept
GO6;C;0.248;0;10;DD;09-sept
GO6;C;0.248;1;1;DD;09-sept
GO6;C;0.248;2;0;DD;09-sept
GO6;C;0.00;0;10;ControlE;15-sept
GO6;C;0.00;1;10;ControlE;15-sept
GO6;C;0.00;2;10;ControlE;15-sept
GO6;C;0.305;0;10;EAA;15-sept
GO6;C;0.305;1;6;EAA;15-sept
GO6;C;0.305;2;2;EAA;15-sept
GO6;C;0.519;0;10;EA;15-sept
GO6;C;0.519;1;0;EA;15-sept
GO6;C;0.519;2;0;EA;15-sept
GO6;C;0.595;0;10;EB;15-sept
GO6;C;0.595;1;0;EB;15-sept
GO6;C;0.595;2;0;EB;15-sept
GO6;C;0.595;0;10;EC;15-sept
GO6;C;0.595;1;0;EC;15-sept
GO6;C;0.595;2;0;EC;15-sept
GO6;C;0.00;0;10;ControlF;16-sept
GO6;C;0.00;1;10;ControlF;16-sept
GO6;C;0.00;2;10;ControlF;16-sept
GO6;C;0.064;0;10;FA;16-sept
GO6;C;0.064;1;10;FA;16-sept
GO6;C;0.064;2;10;FA;16-sept
GO6;C;0.129;0;10;FB;16-sept
GO6;C;0.129;1;10;FB;16-sept
GO6;C;0.129;2;5;FB;16-sept
GO6;C;0.00;0;20;ControlG;22-sept
GO6;C;0.00;1;20;ControlG;22-sept
GO6;C;0.00;2;20;ControlG;22-sept
GO6;C;0.166;0;10;GA;22-sept
GO6;C;0.166;1;6;GA;22-sept
GO6;C;0.166;2;3;GA;22-sept
GO6;C;0.191;0;10;GB;22-sept
GO6;C;0.191;1;3;GB;22-sept
GO6;C;0.191;2;0;GB;22-sept
GO6;C;0.248;0;10;GC;22-sept
GO6;C;0.248;1;2;GC;22-sept
GO6;C;0.248;2;0;GC;22-sept
GO6;C;0.305;0;10;GD;22-sept
GO6;C;0.305;1;0;GD;22-sept
GO6;C;0.305;2;0;GD;22-sept
GO6;C;0.519;0;10;GE;22-sept
GO6;C;0.519;1;0;GE;22-sept
GO6;C;0.519;2;0;GE;22-sept
GO6;C;0.519;0;10;GF;22-sept
GO6;C;0.519;1;0;GF;22-sept
GO6;C;0.519;2;0;GF;22-sept
GO6;C;0.00;0;20;ControlH;29-sept
GO6;C;0.00;1;20;ControlH;29-sept
GO6;C;0.00;2;19;ControlH;29-sept
GO6;C;0.064;0;10;HA;29-sept
GO6;C;0.064;1;10;HA;29-sept
GO6;C;0.064;2;10;HA;29-sept
GO6;C;0.129;0;10;HB;29-sept
GO6;C;0.129;1;10;HB;29-sept
GO6;C;0.129;2;8;HB;29-sept
GO6;C;0.166;0;10;HC;29-sept
GO6;C;0.166;1;7;HC;29-sept
GO6;C;0.166;2;5;HC;29-sept
GO6;C;0.191;0;10;HD;29-sept
GO6;C;0.191;1;9;HD;29-sept
GO6;C;0.191;2;2;HD;29-sept
GO6;C;0.248;0;10;HE;29-sept
GO6;C;0.248;1;2;HE;29-sept
GO6;C;0.248;2;0;HE;29-sept
GO6;C;0.305;0;10;HF;29-sept
GO6;C;0.305;1;3;HF;29-sept
GO6;C;0.305;2;0;HF;29-sept
LA0;C;0.00;0;10;ControlA;09-sept
LA0;C;0.00;1;10;ControlA;09-sept
LA0;C;0.00;2;10;ControlA;09-sept
LA0;C;0.064;0;10;AA;09-sept
LA0;C;0.064;1;9;AA;09-sept
LA0;C;0.064;2;9;AA;09-sept
LA0;C;0.129;0;10;AB;09-sept
LA0;C;0.129;1;8;AB;09-sept
LA0;C;0.129;2;8;AB;09-sept
LA0;C;0.166;0;10;AC;09-sept
LA0;C;0.166;1;7;AC;09-sept
LA0;C;0.166;2;1;AC;09-sept
LA0;C;0.191;0;10;AD;09-sept
LA0;C;0.191;1;1;AD;09-sept
LA0;C;0.191;2;0;AD;09-sept
LA0;C;0.248;0;10;AE;09-sept
LA0;C;0.248;1;2;AE;09-sept
LA0;C;0.248;2;0;AE;09-sept
LA0;C;0.305;0;10;AF;09-sept
LA0;C;0.305;1;0;AF;09-sept
LA0;C;0.305;2;0;AF;09-sept
LA0;C;0.519;0;10;AG;09-sept
LA0;C;0.519;1;0;AG;09-sept
LA0;C;0.519;2;0;AG;09-sept
LA0;C;0.00;0;10;ControlB;10-sept
LA0;C;0.00;1;10;ControlB;10-sept
LA0;C;0.00;2;10;ControlB;10-sept
LA0;C;0.519;0;10;BA;10-sept
LA0;C;0.519;1;0;BA;10-sept
LA0;C;0.519;2;0;BA;10-sept
LA0;C;0.519;0;10;BB;10-sept
LA0;C;0.519;1;0;BB;10-sept
LA0;C;0.519;2;0;BB;10-sept
LA0;C;0.595;0;10;BC;10-sept
LA0;C;0.595;1;0;BC;10-sept
LA0;C;0.595;2;0;BC;10-sept
LA0;C;0.595;0;10;BD;10-sept
LA0;C;0.595;1;0;BD;10-sept
LA0;C;0.595;2;0;BD;10-sept
LA0;C;0.00;0;20;ControlC;15-sept
LA0;C;0.00;1;20;ControlC;15-sept
LA0;C;0.00;2;20;ControlC;15-sept
LA0;C;0.064;0;10;CA;15-sept
LA0;C;0.064;1;10;CA;15-sept
LA0;C;0.064;2;10;CA;15-sept
LA0;C;0.129;0;10;CB;15-sept
LA0;C;0.129;1;5;CB;15-sept
LA0;C;0.129;2;4;CB;15-sept
LA0;C;0.166;0;10;CC;15-sept
LA0;C;0.166;1;3;CC;15-sept
LA0;C;0.166;2;1;CC;15-sept
LA0;C;0.191;0;10;CD;15-sept
LA0;C;0.191;1;4;CD;15-sept
LA0;C;0.191;2;0;CD;15-sept
LA0;C;0.248;0;10;CE;15-sept
LA0;C;0.248;1;2;CE;15-sept
LA0;C;0.248;2;0;CE;15-sept
LA0;C;0.305;0;10;CF;15-sept
LA0;C;0.305;1;0;CF;15-sept
LA0;C;0.305;2;0;CF;15-sept
LA0;C;0.595;0;10;CG;15-sept
LA0;C;0.595;1;0;CG;15-sept
LA0;C;0.595;2;0;CG;15-sept
LA0;C;0.00;0;10;ControlD;16-sept
LA0;C;0.00;1;10;ControlD;16-sept
LA0;C;0.00;2;10;ControlD;16-sept
LA0;C;0.064;0;10;DA;16-sept
LA0;C;0.064;1;10;DA;16-sept
LA0;C;0.064;2;10;DA;16-sept
LA0;C;0.129;0;10;DB;16-sept
LA0;C;0.129;1;5;DB;16-sept
LA0;C;0.129;2;3;DB;16-sept
LA0;C;0.166;0;10;DC;16-sept
LA0;C;0.166;1;4;DC;16-sept
LA0;C;0.166;2;3;DC;16-sept
LA0;C;0.191;0;10;DD;16-sept
LA0;C;0.191;1;4;DD;16-sept
LA0;C;0.191;2;0;DD;16-sept
LA0;C;0.248;0;10;DE;16-sept
LA0;C;0.248;1;0;DE;16-sept
LA0;C;0.248;2;0;DE;16-sept
LA0;C;0.00;0;10;ControlE;22-sept
LA0;C;0.00;1;10;ControlE;22-sept
LA0;C;0.00;2;10;ControlE;22-sept
LA0;C;0.305;0;10;EA;22-sept
LA0;C;0.305;1;0;EA;22-sept
LA0;C;0.305;2;0;EA;22-sept
LA0;C;0.519;0;10;EB;22-sept
LA0;C;0.519;1;0;EB;22-sept
LA0;C;0.519;2;0;EB;22-sept
LA0;C;0.595;0;10;EC;22-sept
LA0;C;0.595;1;0;EC;22-sept
LA0;C;0.595;2;0;EC;22-sept
LA0;C;0.00;0;10;ControlF;23-sept
LA0;C;0.00;1;10;ControlF;23-sept
LA0;C;0.00;2;10;ControlF;23-sept
LA0;C;0.129;0;10;FA;23-sept
LA0;C;0.129;1;5;FA;23-sept
LA0;C;0.129;2;5;FA;23-sept
LA0;C;0.191;0;10;FB;23-sept
LA0;C;0.191;1;4;FB;23-sept
LA0;C;0.191;2;1;FB;23-sept
LA0;C;0.305;0;10;FC;23-sept
LA0;C;0.305;1;0;FC;23-sept
LA0;C;0.305;2;0;FC;23-sept
LA0;C;0.595;0;10;FD;23-sept
LA0;C;0.595;1;0;FD;23-sept
LA0;C;0.595;2;0;FD;23-sept
LA0;C;0.00;0;20;ControlG;24-sept
LA0;C;0.00;1;20;ControlG;24-sept
LA0;C;0.00;2;20;ControlG;24-sept
LA0;C;0.064;0;10;GA;24-sept
LA0;C;0.064;1;10;GA;24-sept
LA0;C;0.064;2;10;GA;24-sept
LA0;C;0.064;0;10;GB;24-sept
LA0;C;0.064;1;10;GB;24-sept
LA0;C;0.064;2;10;GB;24-sept
LA0;C;0.129;0;10;GC;24-sept
LA0;C;0.129;1;8;GC;24-sept
LA0;C;0.129;2;6;GC;24-sept
LA0;C;0.166;0;10;GD;24-sept
LA0;C;0.166;1;4;GD;24-sept
LA0;C;0.166;2;1;GD;24-sept
LA0;C;0.166;0;10;GE;24-sept
LA0;C;0.166;1;6;GE;24-sept
LA0;C;0.166;2;4;GE;24-sept
LA0;C;0.191;0;10;GF;24-sept
LA0;C;0.191;1;3;GF;24-sept
LA0;C;0.191;2;0;GF;24-sept
LA0;C;0.248;0;10;GH;24-sept
LA0;C;0.248;1;0;GH;24-sept
LA0;C;0.248;2;0;GH;24-sept
LA0;C;0.248;0;10;GI;24-sept
LA0;C;0.248;1;1;GI;24-sept
LA0;C;0.248;2;0;GI;24-sept
LA0;C;0.305;0;10;GJ;24-sept
LA0;C;0.305;1;2;GJ;24-sept
LA0;C;0.305;2;0;GJ;24-sept
LA0;C;0.519;0;10;GK;24-sept
LA0;C;0.519;1;0;GK;24-sept
LA0;C;0.519;2;0;GK;24-sept
PE7;C;0.00;0;20;ControlA;29-juil
PE7;C;0.00;1;20;ControlA;29-juil
PE7;C;0.00;2;20;ControlA;29-juil
PE7;C;0.064;0;10;AA;29-juil
PE7;C;0.064;1;10;AA;29-juil
PE7;C;0.064;2;10;AA;29-juil
PE7;C;0.129;0;10;AB;29-juil
PE7;C;0.129;1;8;AB;29-juil
PE7;C;0.129;2;8;AB;29-juil
PE7;C;0.166;0;10;AC;29-juil
PE7;C;0.166;1;8;AC;29-juil
PE7;C;0.166;2;2;AC;29-juil
PE7;C;0.191;0;10;AD;29-juil
PE7;C;0.191;1;4;AD;29-juil
PE7;C;0.191;2;4;AD;29-juil
PE7;C;0.248;0;10;AE;29-juil
PE7;C;0.248;1;2;AE;29-juil
PE7;C;0.248;2;0;AE;29-juil
PE7;C;0.305;0;10;AF;29-juil
PE7;C;0.305;1;3;AF;29-juil
PE7;C;0.305;2;0;AF;29-juil
PE7;C;0.519;0;10;AG;29-juil
PE7;C;0.519;1;0;AG;29-juil
PE7;C;0.519;2;0;AG;29-juil
PE7;C;0.595;0;10;AH;29-juil
PE7;C;0.595;1;0;AH;29-juil
PE7;C;0.595;2;0;AH;29-juil
PE7;C;0.00;0;10;ControlB;06-août
PE7;C;0.00;1;10;ControlB;06-août
PE7;C;0.00;2;10;ControlB;06-août
PE7;C;0.064;0;10;BA;06-août
PE7;C;0.064;1;10;BA;06-août
PE7;C;0.064;2;10;BA;06-août
PE7;C;0.129;0;10;BB;06-août
PE7;C;0.129;1;6;BB;06-août
PE7;C;0.129;2;3;BB;06-août
PE7;C;0.166;0;10;BC;06-août
PE7;C;0.166;1;2;BC;06-août
PE7;C;0.166;2;1;BC;06-août
PE7;C;0.191;0;10;BD;06-août
PE7;C;0.191;1;1;BD;06-août
PE7;C;0.191;2;0;BD;06-août
PE7;C;0.248;0;10;BE;06-août
PE7;C;0.248;1;3;BE;06-août
PE7;C;0.248;2;0;BE;06-août
PE7;C;0.305;0;10;BF;06-août
PE7;C;0.305;1;0;BF;06-août
PE7;C;0.305;2;0;BF;06-août
PE7;C;0.519;0;10;BG;06-août
PE7;C;0.519;1;0;BG;06-août
PE7;C;0.519;2;0;BG;06-août
PE7;C;0.595;0;10;BH;06-août
PE7;C;0.595;1;0;BH;06-août
PE7;C;0.595;2;0;BH;06-août
PE7;C;0.00;0;20;ControlC;13-août
PE7;C;0.00;1;20;ControlC;13-août
PE7;C;0.00;2;20;ControlC;13-août
PE7;C;0.064;0;10;CA;13-août
PE7;C;0.064;1;10;CA;13-août
PE7;C;0.064;2;10;CA;13-août
PE7;C;0.064;0;10;CB;13-août
PE7;C;0.064;1;9;CB;13-août
PE7;C;0.064;2;9;CB;13-août
PE7;C;0.129;0;10;CC;13-août
PE7;C;0.129;1;9;CC;13-août
PE7;C;0.129;2;9;CC;13-août
PE7;C;0.129;0;10;CD;13-août
PE7;C;0.129;1;8;CD;13-août
PE7;C;0.129;2;6;CD;13-août
PE7;C;0.166;0;10;CE;13-août
PE7;C;0.166;1;6;CE;13-août
PE7;C;0.166;2;6;CE;13-août
PE7;C;0.166;0;10;CF;13-août
PE7;C;0.166;1;5;CF;13-août
PE7;C;0.166;2;5;CF;13-août
PE7;C;0.191;0;10;CG;13-août
PE7;C;0.191;1;2;CG;13-août
PE7;C;0.191;2;0;CG;13-août
PE7;C;0.191;0;10;CH;13-août
PE7;C;0.191;1;2;CH;13-août
PE7;C;0.191;2;1;CH;13-août
PE7;C;0.248;0;10;CI;13-août
PE7;C;0.248;1;0;CI;13-août
PE7;C;0.248;2;0;CI;13-août
PE7;C;0.248;0;10;CJ;13-août
PE7;C;0.248;1;1;CJ;13-août
PE7;C;0.248;2;0;CJ;13-août
PE7;C;0.305;0;10;CK;13-août
PE7;C;0.305;1;0;CK;13-août
PE7;C;0.305;2;0;CK;13-août
PE7;C;0.305;0;10;CL;13-août
PE7;C;0.305;1;0;CL;13-août
PE7;C;0.305;2;0;CL;13-août
PE7;C;0.00;0;20;ControlD;18-août
PE7;C;0.00;1;20;ControlD;18-août
PE7;C;0.00;2;18;ControlD;18-août
PE7;C;0.064;0;10;DA;18-août
PE7;C;0.064;1;9;DA;18-août
PE7;C;0.064;2;7;DA;18-août
PE7;C;0.129;0;10;DB;18-août
PE7;C;0.129;1;7;DB;18-août
PE7;C;0.129;2;3;DB;18-août
PE7;C;0.166;0;10;DC;18-août
PE7;C;0.166;1;3;DC;18-août
PE7;C;0.166;2;2;DC;18-août
PE7;C;0.191;0;10;DD;18-août
PE7;C;0.191;1;2;DD;18-août
PE7;C;0.191;2;2;DD;18-août
PE7;C;0.248;0;10;DE;18-août
PE7;C;0.248;1;3;DE;18-août
PE7;C;0.248;2;1;DE;18-août
PE7;C;0.305;0;10;DF;18-août
PE7;C;0.305;1;2;DF;18-août
PE7;C;0.305;2;0;DF;18-août
PE7;C;0.519;0;10;DG;18-août
PE7;C;0.519;1;0;DG;18-août
PE7;C;0.519;2;0;DG;18-août
PE7;C;0.595;0;10;DH;18-août
PE7;C;0.595;1;0;DH;18-août
PE7;C;0.595;2;0;DH;18-août
PE7;C;0.00;0;10;Econtrol;19-août
PE7;C;0.00;1;10;Econtrol;19-août
PE7;C;0.00;2;10;Econtrol;19-août
PE7;C;0.519;0;10;EA;19-août
PE7;C;0.519;1;0;EA;19-août
PE7;C;0.519;2;0;EA;19-août
PE7;C;0.519;0;10;EB;19-août
PE7;C;0.519;1;0;EB;19-août
PE7;C;0.519;2;0;EB;19-août
PE7;C;0.595;0;10;EC;19-août
PE7;C;0.595;1;0;EC;19-août
PE7;C;0.595;2;0;EC;19-août
PE7;C;0.595;0;10;ED;19-août
PE7;C;0.595;1;0;ED;19-août
PE7;C;0.595;2;0;ED;19-août
P16;C;0.00;0;10;ControlA;24-juil
P16;C;0.00;1;10;ControlA;24-juil
P16;C;0.00;2;9;ControlA;24-juil
P16;C;0.064;0;10;AA;24-juil
P16;C;0.064;1;10;AA;24-juil
P16;C;0.064;2;10;AA;24-juil
P16;C;0.129;0;10;AB;24-juil
P16;C;0.129;1;6;AB;24-juil
P16;C;0.129;2;5;AB;24-juil
P16;C;0.166;0;10;AC;24-juil
P16;C;0.166;1;0;AC;24-juil
P16;C;0.166;2;0;AC;24-juil
P16;C;0.191;0;10;AD;24-juil
P16;C;0.191;1;5;AD;24-juil
P16;C;0.191;2;3;AD;24-juil
P16;C;0.248;0;10;AE;24-juil
P16;C;0.248;1;7;AE;24-juil
P16;C;0.248;2;3;AE;24-juil
P16;C;0.305;0;10;AF;24-juil
P16;C;0.305;1;4;AF;24-juil
P16;C;0.305;2;0;AF;24-juil
P16;C;0.519;0;10;AG;24-juil
P16;C;0.519;1;0;AG;24-juil
P16;C;0.519;2;0;AG;24-juil
P16;C;0.00;0;10;ControlB;24-juil
P16;C;0.00;1;10;ControlB;24-juil
P16;C;0.00;2;10;ControlB;24-juil
P16;C;0.064;0;10;BA;24-juil
P16;C;0.064;1;10;BA;24-juil
P16;C;0.064;2;10;BA;24-juil
P16;C;0.129;0;10;BB;24-juil
P16;C;0.129;1;8;BB;24-juil
P16;C;0.129;2;6;BB;24-juil
P16;C;0.166;0;10;BC;24-juil
P16;C;0.166;1;0;BC;24-juil
P16;C;0.166;2;0;BC;24-juil
P16;C;0.191;0;10;BD;24-juil
P16;C;0.191;1;3;BD;24-juil
P16;C;0.191;2;3;BD;24-juil
P16;C;0.248;0;10;BE;24-juil
P16;C;0.248;1;5;BE;24-juil
P16;C;0.248;2;1;BE;24-juil
P16;C;0.305;0;10;BF;24-juil
P16;C;0.305;1;3;BF;24-juil
P16;C;0.305;2;0;BF;24-juil
P16;C;0.519;0;10;BG;24-juil
P16;C;0.519;1;0;BG;24-juil
P16;C;0.519;2;0;BG;24-juil
P16;C;0.00;0;20;ControlC;29-juil
P16;C;0.00;1;20;ControlC;29-juil
P16;C;0.00;2;20;ControlC;29-juil
P16;C;0.064;0;10;CA;29-juil
P16;C;0.064;1;10;CA;29-juil
P16;C;0.064;2;9;CA;29-juil
P16;C;0.129;0;10;CB;29-juil
P16;C;0.129;1;9;CB;29-juil
P16;C;0.129;2;9;CB;29-juil
P16;C;0.166;0;10;CC;29-juil
P16;C;0.166;1;4;CC;29-juil
P16;C;0.166;2;3;CC;29-juil
P16;C;0.191;0;10;CD;29-juil
P16;C;0.191;1;5;CD;29-juil
P16;C;0.191;2;2;CD;29-juil
P16;C;0.248;0;10;CE;29-juil
P16;C;0.248;1;2;CE;29-juil
P16;C;0.248;2;0;CE;29-juil
P16;C;0.305;0;10;CF;29-juil
P16;C;0.305;1;1;CF;29-juil
P16;C;0.305;2;0;CF;29-juil
P16;C;0.519;0;10;CG;29-juil
P16;C;0.519;1;0;CG;29-juil
P16;C;0.519;2;0;CG;29-juil
P16;C;0.595;0;10;CH;29-juil
P16;C;0.595;1;0;CH;29-juil
P16;C;0.595;2;0;CH;29-juil
P16;C;0.595;0;10;CI;29-juil
P16;C;0.595;1;0;CI;29-juil
P16;C;0.595;2;0;CI;29-juil
P16;C;0.00;0;10;ControlD;05-août
P16;C;0.00;1;10;ControlD;05-août
P16;C;0.00;2;10;ControlD;05-août
P16;C;0.595;0;10;DA;05-août
P16;C;0.595;1;0;DA;05-août
P16;C;0.595;2;0;DA;05-août
P16;C;0.00;0;10;ControlE;06-août
P16;C;0.00;1;10;ControlE;06-août
P16;C;0.00;2;10;ControlE;06-août
P16;C;0.064;0;10;EAA;06-août
P16;C;0.064;1;10;EAA;06-août
P16;C;0.064;2;10;EAA;06-août
P16;C;0.129;0;10;EA;06-août
P16;C;0.129;1;4;EA;06-août
P16;C;0.129;2;1;EA;06-août
P16;C;0.166;0;10;EB;06-août
P16;C;0.166;1;5;EB;06-août
P16;C;0.166;2;0;EB;06-août
P16;C;0.191;0;10;EC;06-août
P16;C;0.191;1;2;EC;06-août
P16;C;0.191;2;1;EC;06-août
P16;C;0.248;0;10;ED;06-août
P16;C;0.248;1;0;ED;06-août
P16;C;0.248;2;0;ED;06-août
P16;C;0.305;0;10;EE;06-août
P16;C;0.305;1;0;EE;06-août
P16;C;0.305;2;0;EE;06-août
P16;C;0.519;0;10;EF;06-août
P16;C;0.519;1;0;EF;06-août
P16;C;0.519;2;0;EF;06-août
P16;C;0.595;0;10;EG;06-août
P16;C;0.595;1;0;EG;06-août
P16;C;0.595;2;0;EG;06-août
P16;C;0.00;0;20;ControlF;12-août
P16;C;0.00;1;20;ControlF;12-août
P16;C;0.00;2;19;ControlF;12-août
P16;C;0.064;0;10;FA;12-août
P16;C;0.064;1;10;FA;12-août
P16;C;0.064;2;10;FA;12-août
P16;C;0.129;0;10;FB;12-août
P16;C;0.129;1;6;FB;12-août
P16;C;0.129;2;4;FB;12-août
P16;C;0.166;0;10;FC;12-août
P16;C;0.166;1;5;FC;12-août
P16;C;0.166;2;4;FC;12-août
P16;C;0.191;0;10;FD;12-août
P16;C;0.191;1;3;FD;12-août
P16;C;0.191;2;3;FD;12-août
P16;C;0.248;0;10;FE;12-août
P16;C;0.248;1;2;FE;12-août
P16;C;0.248;2;2;FE;12-août
P16;C;0.305;0;10;FF;12-août
P16;C;0.305;1;0;FF;12-août
P16;C;0.305;2;0;FF;12-août
P16;C;0.519;0;10;FG;12-août
P16;C;0.519;1;0;FG;12-août
P16;C;0.519;2;0;FG;12-août
P16;C;0.519;0;10;FH;12-août
P16;C;0.519;1;0;FH;12-août
P16;C;0.519;2;0;FH;12-août
P16;C;0.595;0;10;FI;12-août
P16;C;0.595;1;0;FI;12-août
P16;C;0.595;2;0;FI;12-août
P16;C;0.00;0;10;ControlG;13-août
P16;C;0.00;1;10;ControlG;13-août
P16;C;0.00;2;10;ControlG;13-août
P16;C;0.064;0;10;GA;13-août
P16;C;0.064;1;10;GA;13-août
P16;C;0.064;2;10;GA;13-août
P16;C;0.129;0;10;GB;13-août
P16;C;0.129;1;7;GB;13-août
P16;C;0.129;2;6;GB;13-août
P16;C;0.166;0;10;GC;13-août
P16;C;0.166;1;3;GC;13-août
P16;C;0.166;2;1;GC;13-août
P16;C;0.191;0;10;GD;13-août
P16;C;0.191;1;3;GD;13-août
P16;C;0.191;2;2;GD;13-août
P16;C;0.248;0;10;GE;13-août
P16;C;0.248;1;2;GE;13-août
P16;C;0.248;2;0;GE;13-août
P16;C;0.305;0;10;GF;13-août
P16;C;0.305;1;1;GF;13-août
P16;C;0.305;2;0;GF;13-août
RE0;C;0.00;0;20;ControlA;19-août
RE0;C;0.00;1;20;ControlA;19-août
RE0;C;0.00;2;20;ControlA;19-août
RE0;C;0.064;0;10;AA;19-août
RE0;C;0.064;1;10;AA;19-août
RE0;C;0.064;2;10;AA;19-août
RE0;C;0.064;0;10;AB;19-août
RE0;C;0.064;1;9;AB;19-août
RE0;C;0.064;2;8;AB;19-août
RE0;C;0.129;0;10;AC;19-août
RE0;C;0.129;1;7;AC;19-août
RE0;C;0.129;2;7;AC;19-août
RE0;C;0.129;0;10;AD;19-août
RE0;C;0.129;1;7;AD;19-août
RE0;C;0.129;2;7;AD;19-août
RE0;C;0.166;0;10;AE;19-août
RE0;C;0.166;1;1;AE;19-août
RE0;C;0.166;2;1;AE;19-août
RE0;C;0.166;0;10;AF;19-août
RE0;C;0.166;1;2;AF;19-août
RE0;C;0.166;2;2;AF;19-août
RE0;C;0.191;0;10;AG;19-août
RE0;C;0.191;1;1;AG;19-août
RE0;C;0.191;2;0;AG;19-août
RE0;C;0.191;0;10;AH;19-août
RE0;C;0.191;1;2;AH;19-août
RE0;C;0.191;2;0;AH;19-août
RE0;C;0.248;0;10;AI;19-août
RE0;C;0.248;1;1;AI;19-août
RE0;C;0.248;2;0;AI;19-août
RE0;C;0.248;0;10;AJ;19-août
RE0;C;0.248;1;3;AJ;19-août
RE0;C;0.248;2;0;AJ;19-août
RE0;C;0.305;0;10;AK;19-août
RE0;C;0.305;1;0;AK;19-août
RE0;C;0.305;2;0;AK;19-août
RE0;C;0.305;0;10;AL;19-août
RE0;C;0.305;1;0;AL;19-août
RE0;C;0.305;2;0;AL;19-août
RE0;C;0.519;0;10;AM;19-août
RE0;C;0.519;1;0;AM;19-août
RE0;C;0.519;2;0;AM;19-août
RE0;C;0.519;0;10;AN;19-août
RE0;C;0.519;1;0;AN;19-août
RE0;C;0.519;2;0;AN;19-août
RE0;C;0.595;0;10;AO;19-août
RE0;C;0.595;1;0;AO;19-août
RE0;C;0.595;2;0;AO;19-août
RE0;C;0.595;0;10;AP;19-août
RE0;C;0.595;1;0;AP;19-août
RE0;C;0.595;2;0;AP;19-août
RE0;C;0.00;0;20;ControlB;26-août
RE0;C;0.00;1;20;ControlB;26-août
RE0;C;0.00;2;20;ControlB;26-août
RE0;C;0.064;0;10;BA;26-août
RE0;C;0.064;1;9;BA;26-août
RE0;C;0.064;2;7;BA;26-août
RE0;C;0.129;0;10;BB;26-août
RE0;C;0.129;1;8;BB;26-août
RE0;C;0.129;2;8;BB;26-août
RE0;C;0.166;0;10;BC;26-août
RE0;C;0.166;1;6;BC;26-août
RE0;C;0.166;2;4;BC;26-août
RE0;C;0.248;0;10;BD;26-août
RE0;C;0.248;1;1;BD;26-août
RE0;C;0.248;2;0;BD;26-août
RE0;C;0.305;0;10;BE;26-août
RE0;C;0.305;1;0;BE;26-août
RE0;C;0.305;2;0;BE;26-août
RE0;C;0.519;0;10;BF;26-août
RE0;C;0.519;1;0;BF;26-août
RE0;C;0.519;2;0;BF;26-août
RE0;C;0.595;0;10;BG;26-août
RE0;C;0.595;1;0;BG;26-août
RE0;C;0.595;2;0;BG;26-août
RE0;C;0.00;0;10;ControlC;01-sept
RE0;C;0.00;1;10;ControlC;01-sept
RE0;C;0.00;2;10;ControlC;01-sept
RE0;C;0.064;0;10;CA;01-sept
RE0;C;0.064;1;10;CA;01-sept
RE0;C;0.064;2;10;CA;01-sept
RE0;C;0.129;0;10;CB;01-sept
RE0;C;0.129;1;10;CB;01-sept
RE0;C;0.129;2;9;CB;01-sept
RE0;C;0.166;0;10;CC;01-sept
RE0;C;0.166;1;8;CC;01-sept
RE0;C;0.166;2;4;CC;01-sept
RE0;C;0.248;0;10;CD;01-sept
RE0;C;0.248;1;4;CD;01-sept
RE0;C;0.248;2;0;CD;01-sept
RE0;C;0.305;0;10;CE;01-sept
RE0;C;0.305;1;0;CE;01-sept
RE0;C;0.305;2;0;CE;01-sept
RE0;C;0.519;0;10;CF;01-sept
RE0;C;0.519;1;0;CF;01-sept
RE0;C;0.519;2;0;CF;01-sept
RE0;C;0.595;0;10;CG;01-sept
RE0;C;0.595;1;0;CG;01-sept
RE0;C;0.595;2;0;CG;01-sept
RE0;C;0.00;0;10;ControlD;08-sept
RE0;C;0.00;1;10;ControlD;08-sept
RE0;C;0.00;2;10;ControlD;08-sept
RE0;C;0.064;0;10;DA;08-sept
RE0;C;0.064;1;10;DA;08-sept
RE0;C;0.064;2;10;DA;08-sept
RE0;C;0.129;0;10;DB;08-sept
RE0;C;0.129;1;2;DB;08-sept
RE0;C;0.129;2;1;DB;08-sept
RE0;C;0.166;0;10;DC;08-sept
RE0;C;0.166;1;6;DC;08-sept
RE0;C;0.166;2;4;DC;08-sept
RE0;C;0.191;0;10;DD;08-sept
RE0;C;0.191;1;1;DD;08-sept
RE0;C;0.191;2;0;DD;08-sept
RE0;C;0.248;0;10;DE;08-sept
RE0;C;0.248;1;1;DE;08-sept
RE0;C;0.248;2;0;DE;08-sept
RE0;C;0.305;0;10;DF;08-sept
RE0;C;0.305;1;0;DF;08-sept
RE0;C;0.305;2;0;DF;08-sept
RE0;C;0.519;0;10;DG;08-sept
RE0;C;0.519;1;0;DG;08-sept
RE0;C;0.519;2;0;DG;08-sept
RE0;C;0.00;0;10;ControlE;09-sept
RE0;C;0.00;1;10;ControlE;09-sept
RE0;C;0.00;2;9;ControlE;09-sept
RE0;C;0.064;0;10;EA;09-sept
RE0;C;0.064;1;10;EA;09-sept
RE0;C;0.064;2;10;EA;09-sept
RE0;C;0.129;0;10;EB;09-sept
RE0;C;0.129;1;7;EB;09-sept
RE0;C;0.129;2;7;EB;09-sept
RE0;C;0.166;0;10;EC;09-sept
RE0;C;0.166;1;8;EC;09-sept
RE0;C;0.166;2;6;EC;09-sept
RE0;C;0.595;0;10;ED;09-sept
RE0;C;0.595;1;0;ED;09-sept
RE0;C;0.595;2;0;ED;09-sept
SE2;C;0.00;0;10;ControlA;01-sept
SE2;C;0.00;1;10;ControlA;01-sept
SE2;C;0.00;2;10;ControlA;01-sept
SE2;C;0.064;0;10;AA;01-sept
SE2;C;0.064;1;10;AA;01-sept
SE2;C;0.064;2;9;AA;01-sept
SE2;C;0.129;0;10;AB;01-sept
SE2;C;0.129;1;6;AB;01-sept
SE2;C;0.129;2;3;AB;01-sept
SE2;C;0.166;0;10;AC;01-sept
SE2;C;0.166;1;4;AC;01-sept
SE2;C;0.166;2;1;AC;01-sept
SE2;C;0.191;0;10;AD;01-sept
SE2;C;0.191;1;1;AD;01-sept
SE2;C;0.191;2;1;AD;01-sept
SE2;C;0.248;0;10;AE;01-sept
SE2;C;0.248;1;1;AE;01-sept
SE2;C;0.248;2;0;AE;01-sept
SE2;C;0.305;0;10;AF;01-sept
SE2;C;0.305;1;0;AF;01-sept
SE2;C;0.305;2;0;AF;01-sept
SE2;C;0.519;0;10;AG;01-sept
SE2;C;0.519;1;0;AG;01-sept
SE2;C;0.519;2;0;AG;01-sept
SE2;C;0.00;0;10;ControlB;02-sept
SE2;C;0.00;1;10;ControlB;02-sept
SE2;C;0.00;2;10;ControlB;02-sept
SE2;C;0.064;0;10;BA;02-sept
SE2;C;0.064;1;10;BA;02-sept
SE2;C;0.064;2;10;BA;02-sept
SE2;C;0.129;0;10;BB;02-sept
SE2;C;0.129;1;1;BB;02-sept
SE2;C;0.129;2;0;BB;02-sept
SE2;C;0.166;0;10;BC;02-sept
SE2;C;0.166;1;0;BC;02-sept
SE2;C;0.166;2;0;BC;02-sept
SE2;C;0.191;0;10;BD;02-sept
SE2;C;0.191;1;1;BD;02-sept
SE2;C;0.191;2;0;BD;02-sept
SE2;C;0.248;0;10;BE;02-sept
SE2;C;0.248;1;0;BE;02-sept
SE2;C;0.248;2;0;BE;02-sept
SE2;C;0.305;0;10;BF;02-sept
SE2;C;0.305;1;0;BF;02-sept
SE2;C;0.305;2;0;BF;02-sept
SE2;C;0.519;0;10;BG;02-sept
SE2;C;0.519;1;0;BG;02-sept
SE2;C;0.519;2;0;BG;02-sept
SE2;C;0.00;0;10;ControlC;08-sept
SE2;C;0.00;1;10;ControlC;08-sept
SE2;C;0.00;2;10;ControlC;08-sept
SE2;C;0.064;0;10;CA;08-sept
SE2;C;0.064;1;10;CA;08-sept
SE2;C;0.064;2;10;CA;08-sept
SE2;C;0.129;0;10;CB;08-sept
SE2;C;0.129;1;6;CB;08-sept
SE2;C;0.129;2;5;CB;08-sept
SE2;C;0.166;0;10;CC;08-sept
SE2;C;0.166;1;0;CC;08-sept
SE2;C;0.166;2;0;CC;08-sept
SE2;C;0.191;0;10;CD;08-sept
SE2;C;0.191;1;1;CD;08-sept
SE2;C;0.191;2;1;CD;08-sept
SE2;C;0.248;0;10;CE;08-sept
SE2;C;0.248;1;0;CE;08-sept
SE2;C;0.248;2;0;CE;08-sept
SE2;C;0.305;0;10;CF;08-sept
SE2;C;0.305;1;0;CF;08-sept
SE2;C;0.305;2;0;CF;08-sept
SE2;C;0.519;0;10;CG;08-sept
SE2;C;0.519;1;0;CG;08-sept
SE2;C;0.519;2;0;CG;08-sept
SE2;C;0.00;0;10;ControlD;09-sept
SE2;C;0.00;1;10;ControlD;09-sept
SE2;C;0.00;2;10;ControlD;09-sept
SE2;C;0.064;0;10;DA;09-sept
SE2;C;0.064;1;9;DA;09-sept
SE2;C;0.064;2;8;DA;09-sept
SE2;C;0.129;0;10;DB;09-sept
SE2;C;0.129;1;9;DB;09-sept
SE2;C;0.129;2;6;DB;09-sept
SE2;C;0.519;0;10;DC;09-sept
SE2;C;0.519;1;0;DC;09-sept
SE2;C;0.519;2;0;DC;09-sept
SE2;C;0.595;0;10;DD;09-sept
SE2;C;0.595;1;0;DD;09-sept
SE2;C;0.595;2;0;DD;09-sept
SE2;C;0.595;0;10;DE;09-sept
SE2;C;0.595;1;0;DE;09-sept
SE2;C;0.595;2;0;DE;09-sept
SE2;C;0.00;0;20;ControlE;10-sept
SE2;C;0.00;1;20;ControlE;10-sept
SE2;C;0.00;2;20;ControlE;10-sept
SE2;C;0.064;0;10;EA;10-sept
SE2;C;0.064;1;6;EA;10-sept
SE2;C;0.064;2;4;EA;10-sept
SE2;C;0.129;0;10;EB;10-sept
SE2;C;0.129;1;3;EB;10-sept
SE2;C;0.129;2;2;EB;10-sept
SE2;C;0.166;0;10;EC;10-sept
SE2;C;0.166;1;4;EC;10-sept
SE2;C;0.166;2;1;EC;10-sept
SE2;C;0.166;0;10;ED;10-sept
SE2;C;0.166;1;4;ED;10-sept
SE2;C;0.166;2;0;ED;10-sept
SE2;C;0.191;0;10;EE;10-sept
SE2;C;0.191;1;0;EE;10-sept
SE2;C;0.191;2;0;EE;10-sept
SE2;C;0.191;0;10;EF;10-sept
SE2;C;0.191;1;3;EF;10-sept
SE2;C;0.191;2;0;EF;10-sept
SE2;C;0.248;0;10;EG;10-sept
SE2;C;0.248;1;2;EG;10-sept
SE2;C;0.248;2;0;EG;10-sept
SE2;C;0.248;0;10;EH;10-sept
SE2;C;0.248;1;1;EH;10-sept
SE2;C;0.248;2;0;EH;10-sept
SE2;C;0.305;0;10;EI;10-sept
SE2;C;0.305;1;0;EI;10-sept
SE2;C;0.305;2;0;EI;10-sept
SE2;C;0.305;0;10;EJ;10-sept
SE2;C;0.305;1;0;EJ;10-sept
SE2;C;0.305;2;0;EJ;10-sept
SE2;C;0.519;0;10;EK;10-sept
SE2;C;0.519;1;0;EK;10-sept
SE2;C;0.519;2;0;EK;10-sept
SE2;C;0.595;0;10;EL;10-sept
SE2;C;0.595;1;0;EL;10-sept
SE2;C;0.595;2;0;EL;10-sept
SE2;C;0.00;0;10;ControlF;15-sept
SE2;C;0.00;1;10;ControlF;15-sept
SE2;C;0.00;2;10;ControlF;15-sept
SE2;C;0.595;0;10;FA;15-sept
SE2;C;0.595;1;0;FA;15-sept
SE2;C;0.595;2;0;FA;15-sept
SE2;C;0.595;0;10;FB;15-sept
SE2;C;0.595;1;0;FB;15-sept
SE2;C;0.595;2;0;FB;15-sept
SE5;C;0.00;0;10;ControlA;15-juil
SE5;C;0.00;1;10;ControlA;15-juil
SE5;C;0.00;2;10;ControlA;15-juil
SE5;C;0.064;0;10;AA;15-juil
SE5;C;0.064;1;10;AA;15-juil
SE5;C;0.064;2;10;AA;15-juil
SE5;C;0.129;0;10;AB;15-juil
SE5;C;0.129;1;10;AB;15-juil
SE5;C;0.129;2;10;AB;15-juil
SE5;C;0.166;0;10;AC;15-juil
SE5;C;0.166;1;10;AC;15-juil
SE5;C;0.166;2;10;AC;15-juil
SE5;C;0.191;0;10;AD;15-juil
SE5;C;0.191;1;8;AD;15-juil
SE5;C;0.191;2;7;AD;15-juil
SE5;C;0.248;0;10;AE;15-juil
SE5;C;0.248;1;9;AE;15-juil
SE5;C;0.248;2;7;AE;15-juil
SE5;C;0.305;0;10;AF;15-juil
SE5;C;0.305;1;4;AF;15-juil
SE5;C;0.305;2;3;AF;15-juil
SE5;C;0.519;0;10;AG;15-juil
SE5;C;0.519;1;0;AG;15-juil
SE5;C;0.519;2;0;AG;15-juil
SE5;C;0.00;0;10;ControlB;15-juil
SE5;C;0.00;1;10;ControlB;15-juil
SE5;C;0.00;2;9;ControlB;15-juil
SE5;C;0.064;0;10;BA;15-juil
SE5;C;0.064;1;10;BA;15-juil
SE5;C;0.064;2;9;BA;15-juil
SE5;C;0.129;0;10;BB;15-juil
SE5;C;0.129;1;9;BB;15-juil
SE5;C;0.129;2;9;BB;15-juil
SE5;C;0.166;0;10;BC;15-juil
SE5;C;0.166;1;10;BC;15-juil
SE5;C;0.166;2;9;BC;15-juil
SE5;C;0.191;0;10;BD;15-juil
SE5;C;0.191;1;10;BD;15-juil
SE5;C;0.191;2;9;BD;15-juil
SE5;C;0.248;0;10;BE;15-juil
SE5;C;0.248;1;9;BE;15-juil
SE5;C;0.248;2;8;BE;15-juil
SE5;C;0.305;0;10;BF;15-juil
SE5;C;0.305;1;3;BF;15-juil
SE5;C;0.305;2;2;BF;15-juil
SE5;C;0.519;0;10;BG;15-juil
SE5;C;0.519;1;0;BG;15-juil
SE5;C;0.519;2;0;BG;15-juil
SE5;C;0.00;0;10;ControlC;02-sept
SE5;C;0.00;1;10;ControlC;02-sept
SE5;C;0.00;2;10;ControlC;02-sept
SE5;C;0.064;0;10;CA;02-sept
SE5;C;0.064;1;10;CA;02-sept
SE5;C;0.064;2;10;CA;02-sept
SE5;C;0.129;0;10;CB;02-sept
SE5;C;0.129;1;10;CB;02-sept
SE5;C;0.129;2;9;CB;02-sept
SE5;C;0.166;0;10;CC;02-sept
SE5;C;0.166;1;10;CC;02-sept
SE5;C;0.166;2;10;CC;02-sept
SE5;C;0.191;0;10;CD;02-sept
SE5;C;0.191;1;8;CD;02-sept
SE5;C;0.191;2;6;CD;02-sept
SE5;C;0.248;0;10;CE;02-sept
SE5;C;0.248;1;3;CE;02-sept
SE5;C;0.248;2;0;CE;02-sept
SE5;C;0.305;0;10;CF;02-sept
SE5;C;0.305;1;4;CF;02-sept
SE5;C;0.305;2;0;CF;02-sept
SE5;C;0.519;0;10;CG;02-sept
SE5;C;0.519;1;0;CG;02-sept
SE5;C;0.519;2;0;CG;02-sept
SE5;C;0.00;0;10;ControlD;08-sept
SE5;C;0.00;1;10;ControlD;08-sept
SE5;C;0.00;2;10;ControlD;08-sept
SE5;C;0.064;0;10;DA;08-sept
SE5;C;0.064;1;10;DA;08-sept
SE5;C;0.064;2;10;DA;08-sept
SE5;C;0.129;0;10;DB;08-sept
SE5;C;0.129;1;10;DB;08-sept
SE5;C;0.129;2;10;DB;08-sept
SE5;C;0.166;0;10;DC;08-sept
SE5;C;0.166;1;10;DC;08-sept
SE5;C;0.166;2;10;DC;08-sept
SE5;C;0.191;0;10;DD;08-sept
SE5;C;0.191;1;7;DD;08-sept
SE5;C;0.191;2;6;DD;08-sept
SE5;C;0.595;0;10;DE;08-sept
SE5;C;0.595;1;0;DE;08-sept
SE5;C;0.595;2;0;DE;08-sept
SE5;C;0.00;0;10;ControlE;10-sept
SE5;C;0.00;1;10;ControlE;10-sept
SE5;C;0.00;2;10;ControlE;10-sept
SE5;C;0.248;0;10;EA;10-sept
SE5;C;0.248;1;4;EA;10-sept
SE5;C;0.248;2;3;EA;10-sept
SE5;C;0.305;0;10;EB;10-sept
SE5;C;0.305;1;3;EB;10-sept
SE5;C;0.305;2;0;EB;10-sept
SE5;C;0.519;0;10;EC;10-sept
SE5;C;0.519;1;2;EC;10-sept
SE5;C;0.519;2;0;EC;10-sept
SE5;C;0.595;0;10;ED;10-sept
SE5;C;0.595;1;0;ED;10-sept
SE5;C;0.595;2;0;ED;10-sept
SE5;C;0.595;0;10;EE;10-sept
SE5;C;0.595;1;0;EE;10-sept
SE5;C;0.595;2;0;EE;10-sept
SE5;C;0.00;0;10;ControlF;15-sept
SE5;C;0.00;1;10;ControlF;15-sept
SE5;C;0.00;2;10;ControlF;15-sept
SE5;C;0.305;0;10;FA;15-sept
SE5;C;0.305;1;6;FA;15-sept
SE5;C;0.305;2;2;FA;15-sept
SE5;C;0.595;0;10;FB;15-sept
SE5;C;0.595;1;0;FB;15-sept
SE5;C;0.595;2;0;FB;15-sept
SE5;C;0.595;0;10;FC;15-sept
SE5;C;0.595;1;0;FC;15-sept
SE5;C;0.595;2;0;FC;15-sept
SE5;C;0.595;0;10;FD;15-sept
SE5;C;0.595;1;0;FD;15-sept
SE5;C;0.595;2;0;FD;15-sept
SE5;C;0.00;0;20;ControlG;16-sept
SE5;C;0.00;1;20;ControlG;16-sept
SE5;C;0.00;2;20;ControlG;16-sept
SE5;C;0.064;0;10;GA;16-sept
SE5;C;0.064;1;10;GA;16-sept
SE5;C;0.064;2;10;GA;16-sept
SE5;C;0.129;0;10;GB;16-sept
SE5;C;0.129;1;9;GB;16-sept
SE5;C;0.129;2;9;GB;16-sept
SE5;C;0.166;0;10;GC;16-sept
SE5;C;0.166;1;10;GC;16-sept
SE5;C;0.166;2;10;GC;16-sept
SE5;C;0.191;0;10;GD;16-sept
SE5;C;0.191;1;9;GD;16-sept
SE5;C;0.191;2;9;GD;16-sept
SE5;C;0.248;0;10;GE;16-sept
SE5;C;0.248;1;4;GE;16-sept
SE5;C;0.248;2;2;GE;16-sept
SE5;C;0.519;0;10;GF;16-sept
SE5;C;0.519;1;2;GF;16-sept
SE5;C;0.519;2;0;GF;16-sept
SE5;C;0.595;0;10;GH;16-sept
SE5;C;0.595;1;0;GH;16-sept
SE5;C;0.595;2;0;GH;16-sept
AL0;M;0.00;0;20;ControlA;11-juin
AL0;M;0.00;1;20;ControlA;11-juin
AL0;M;0.00;2;20;ControlA;11-juin
AL0;M;0.9930;0;10;AA;11-juin
AL0;M;0.9930;1;10;AA;11-juin
AL0;M;0.9930;2;10;AA;11-juin
AL0;M;1.255;0;10;AB;11-juin
AL0;M;1.255;1;10;AB;11-juin
AL0;M;1.255;2;10;AB;11-juin
AL0;M;1.5200;0;10;AC;11-juin
AL0;M;1.5200;1;10;AC;11-juin
AL0;M;1.5200;2;10;AC;11-juin
AL0;M;1.762;0;10;AD;11-juin
AL0;M;1.762;1;10;AD;11-juin
AL0;M;1.762;2;10;AD;11-juin
AL0;M;2.0380;0;10;AE;11-juin
AL0;M;2.0380;1;10;AE;11-juin
AL0;M;2.0380;2;10;AE;11-juin
AL0;M;3.0160;0;10;AF;11-juin
AL0;M;3.0160;1;10;AF;11-juin
AL0;M;3.0160;2;10;AF;11-juin
AL0;M;0.00;0;20;ControlB;15-juin
AL0;M;0.00;1;20;ControlB;15-juin
AL0;M;0.00;2;20;ControlB;15-juin
AL0;M;0.9930;0;10;BA;15-juin
AL0;M;0.9930;1;9;BA;15-juin
AL0;M;0.9930;2;9;BA;15-juin
AL0;M;1.255;0;10;BB;15-juin
AL0;M;1.255;1;10;BB;15-juin
AL0;M;1.255;2;10;BB;15-juin
AL0;M;1.5200;0;10;BC;15-juin
AL0;M;1.5200;1;10;BC;15-juin
AL0;M;1.5200;2;10;BC;15-juin
AL0;M;1.762;0;10;BD;15-juin
AL0;M;1.762;1;10;BD;15-juin
AL0;M;1.762;2;9;BD;15-juin
AL0;M;2.0380;0;10;BE;15-juin
AL0;M;2.0380;1;10;BE;15-juin
AL0;M;2.0380;2;10;BE;15-juin
AL0;M;3.0160;0;10;BF;15-juin
AL0;M;3.0160;1;9;BF;15-juin
AL0;M;3.0160;2;8;BF;15-juin
AL0;M;0.00;0;10;ControlC;22-juin
AL0;M;0.00;1;10;ControlC;22-juin
AL0;M;0.00;2;10;ControlC;22-juin
AL0;M;2.038;0;10;CA;22-juin
AL0;M;2.038;1;10;CA;22-juin
AL0;M;2.038;2;9;CA;22-juin
AL0;M;3.016;0;10;CB;22-juin
AL0;M;3.016;1;8;CB;22-juin
AL0;M;3.016;2;5;CB;22-juin
AL0;M;4.996;0;10;CE;22-juin
AL0;M;4.996;1;4;CE;22-juin
AL0;M;4.996;2;0;CE;22-juin
AL0;M;0.00;0;10;ControlD;23-juil
AL0;M;0.00;1;10;ControlD;23-juil
AL0;M;0.00;2;10;ControlD;23-juil
AL0;M;0.9930;0;10;DA;23-juil
AL0;M;0.9930;1;10;DA;23-juil
AL0;M;0.9930;2;10;DA;23-juil
AL0;M;1.255;0;10;DB;23-juil
AL0;M;1.255;1;10;DB;23-juil
AL0;M;1.255;2;10;DB;23-juil
AL0;M;0.00;0;10;ControlE;27-juil
AL0;M;0.00;1;10;ControlE;27-juil
AL0;M;0.00;2;10;ControlE;27-juil
AL0;M;1.5200;0;10;EA;27-juil
AL0;M;1.5200;1;10;EA;27-juil
AL0;M;1.5200;2;10;EA;27-juil
AL0;M;1.762;0;10;EB;27-juil
AL0;M;1.762;1;10;EB;27-juil
AL0;M;1.762;2;10;EB;27-juil
AL0;M;2.038;0;10;EC;27-juil
AL0;M;2.038;1;9;EC;27-juil
AL0;M;2.038;2;8;EC;27-juil
AL0;M;2.305;0;10;ED;27-juil
AL0;M;2.305;1;5;ED;27-juil
AL0;M;2.305;2;1;ED;27-juil
AL0;M;2.759;0;10;EE;27-juil
AL0;M;2.759;1;5;EE;27-juil
AL0;M;2.759;2;1;EE;27-juil
AL0;M;3.016;0;10;EF;27-juil
AL0;M;3.016;1;7;EF;27-juil
AL0;M;3.016;2;4;EF;27-juil
AL0;M;3.283;0;10;EG;27-juil
AL0;M;3.283;1;7;EG;27-juil
AL0;M;3.283;2;2;EG;27-juil
AL0;M;3.827;0;10;EH;27-juil
AL0;M;3.827;1;6;EH;27-juil
AL0;M;3.827;2;3;EH;27-juil
AL0;M;4.996;0;10;EI;27-juil
AL0;M;4.996;1;6;EI;27-juil
AL0;M;4.996;2;2;EI;27-juil
AL0;M;0.00;0;10;ControlF;28-juil
AL0;M;0.00;1;10;ControlF;28-juil
AL0;M;0.00;2;10;ControlF;28-juil
AL0;M;4.9960;0;10;FA;28-juil
AL0;M;4.9960;1;9;FA;28-juil
AL0;M;4.9960;2;1;FA;28-juil
AL0;M;0.00;0;10;ControlG;06-août
AL0;M;0.00;1;10;ControlG;06-août
AL0;M;0.00;2;9;ControlG;06-août
AL0;M;2.0380;0;10;GA;06-août
AL0;M;2.0380;1;10;GA;06-août
AL0;M;2.0380;2;10;GA;06-août
AL0;M;2.305;0;10;GB;06-août
AL0;M;2.305;1;9;GB;06-août
AL0;M;2.305;2;8;GB;06-août
AL0;M;2.759;0;10;GC;06-août
AL0;M;2.759;1;9;GC;06-août
AL0;M;2.759;2;9;GC;06-août
AL0;M;3.0160;0;10;GD;06-août
AL0;M;3.0160;1;5;GD;06-août
AL0;M;3.0160;2;4;GD;06-août
AL0;M;3.283;0;10;GE;06-août
AL0;M;3.283;1;8;GE;06-août
AL0;M;3.283;2;8;GE;06-août
AL0;M;3.827;0;10;GF;06-août
AL0;M;3.827;1;2;GF;06-août
AL0;M;3.827;2;0;GF;06-août
AL0;M;0.00;0;10;ControlH;11-août
AL0;M;0.00;1;10;ControlH;11-août
AL0;M;0.00;2;10;ControlH;11-août
AL0;M;3.827;0;10;HA;11-août
AL0;M;3.827;1;7;HA;11-août
AL0;M;3.827;2;1;HA;11-août
AL0;M;4.9960;0;10;HB;11-août
AL0;M;4.9960;1;6;HB;11-août
AL0;M;4.9960;2;0;HB;11-août
AL0;M;0.00;0;10;ControlI;13-août
AL0;M;0.00;1;10;ControlI;13-août
AL0;M;0.00;2;10;ControlI;13-août
AL0;M;1.762;0;10;IA;13-août
AL0;M;1.762;1;9;IA;13-août
AL0;M;1.762;2;9;IA;13-août
AL0;M;2.305;0;10;IB;13-août
AL0;M;2.305;1;6;IB;13-août
AL0;M;2.305;2;5;IB;13-août
AL0;M;2.759;0;10;IC;13-août
AL0;M;2.759;1;8;IC;13-août
AL0;M;2.759;2;4;IC;13-août
AL0;M;3.283;0;10;ID;13-août
AL0;M;3.283;1;6;ID;13-août
AL0;M;3.283;2;1;ID;13-août
AL0;M;0.00;0;10;ControlJ;19-août
AL0;M;0.00;1;10;ControlJ;19-août
AL0;M;0.00;2;10;ControlJ;19-août
AL0;M;1.762;0;10;JA;19-août
AL0;M;1.762;1;10;JA;19-août
AL0;M;1.762;2;10;JA;19-août
AL0;M;2.759;0;10;JB;19-août
AL0;M;2.759;1;3;JB;19-août
AL0;M;2.759;2;2;JB;19-août
AL0;M;3.827;0;10;JC;19-août
AL0;M;3.827;1;3;JC;19-août
AL0;M;3.827;2;1;JC;19-août
AL0;M;4.9960;0;10;JD;19-août
AL0;M;4.9960;1;5;JD;19-août
AL0;M;4.9960;2;0;JD;19-août
AL0;M;0.00;0;10;ControlK;25-août
AL0;M;0.00;1;10;ControlK;25-août
AL0;M;0.00;2;10;ControlK;25-août
AL0;M;1.5200;0;10;KA;25-août
AL0;M;1.5200;1;9;KA;25-août
AL0;M;1.5200;2;8;KA;25-août
AL0;M;3.283;0;10;KB;25-août
AL0;M;3.283;1;1;KB;25-août
AL0;M;3.283;2;1;KB;25-août
AL0;M;3.827;0;10;KC;25-août
AL0;M;3.827;1;2;KC;25-août
AL0;M;3.827;2;1;KC;25-août
AL0;M;0.00;0;10;ControlL;27-août
AL0;M;0.00;1;10;ControlL;27-août
AL0;M;0.00;2;9;ControlL;27-août
AL0;M;2.305;0;10;LA;27-août
AL0;M;2.305;1;9;LA;27-août
AL0;M;2.305;2;6;LA;27-août
AL0;M;2.759;0;10;LB;27-août
AL0;M;2.759;1;6;LB;27-août
AL0;M;2.759;2;4;LB;27-août
AL0;M;3.283;0;10;LC;27-août
AL0;M;3.283;1;2;LC;27-août
AL0;M;3.283;2;0;LC;27-août
AL0;M;0.00;0;20;ControlM;09-sept
AL0;M;0.00;1;19;ControlM;09-sept
AL0;M;0.00;2;19;ControlM;09-sept
AL0;M;0.9930;0;10;MA;09-sept
AL0;M;0.9930;1;10;MA;09-sept
AL0;M;0.9930;2;10;MA;09-sept
AL0;M;0.9930;0;10;MB;09-sept
AL0;M;0.9930;1;10;MB;09-sept
AL0;M;0.9930;2;10;MB;09-sept
AL0;M;1.255;0;10;MC;09-sept
AL0;M;1.255;1;9;MC;09-sept
AL0;M;1.255;2;9;MC;09-sept
AL0;M;1.255;0;10;MD;09-sept
AL0;M;1.255;1;10;MD;09-sept
AL0;M;1.255;2;9;MD;09-sept
AL0;M;1.5200;0;10;ME;09-sept
AL0;M;1.5200;1;4;ME;09-sept
AL0;M;1.5200;2;4;ME;09-sept
AL0;M;2.305;0;10;MF;09-sept
AL0;M;2.305;1;1;MF;09-sept
AL0;M;2.305;2;1;MF;09-sept
GO6;M;0.00;0;10;ControlA;28-juil
GO6;M;0.00;1;10;ControlA;28-juil
GO6;M;0.00;2;10;ControlA;28-juil
GO6;M;4.9960;0;10;AA;28-juil
GO6;M;4.9960;1;0;AA;28-juil
GO6;M;4.9960;2;0;AA;28-juil
GO6;M;0.00;0;10;ControlB;04-août
GO6;M;0.00;1;10;ControlB;04-août
GO6;M;0.00;2;10;ControlB;04-août
GO6;M;0.507;0;10;BA;04-août
GO6;M;0.507;1;9;BA;04-août
GO6;M;0.507;2;9;BA;04-août
GO6;M;0.9930;0;10;BB;04-août
GO6;M;0.9930;1;6;BB;04-août
GO6;M;0.9930;2;3;BB;04-août
GO6;M;1.255;0;10;BC;04-août
GO6;M;1.255;1;2;BC;04-août
GO6;M;1.255;2;1;BC;04-août
GO6;M;1.5200;0;10;BD;04-août
GO6;M;1.5200;1;0;BD;04-août
GO6;M;1.5200;2;0;BD;04-août
GO6;M;1.762;0;10;BE;04-août
GO6;M;1.762;1;0;BE;04-août
GO6;M;1.762;2;0;BE;04-août
GO6;M;3.0160;0;10;BF;04-août
GO6;M;3.0160;1;0;BF;04-août
GO6;M;3.0160;2;0;BF;04-août
GO6;M;0.00;0;10;ControlC;05-août
GO6;M;0.00;1;10;ControlC;05-août
GO6;M;0.00;2;10;ControlC;05-août
GO6;M;2.0380;0;10;CA;05-août
GO6;M;2.0380;1;2;CA;05-août
GO6;M;2.0380;2;1;CA;05-août
GO6;M;0.00;0;10;ControlD;06-août
GO6;M;0.00;1;10;ControlD;06-août
GO6;M;0.00;2;10;ControlD;06-août
GO6;M;0.507;0;10;DA;06-août
GO6;M;0.507;1;10;DA;06-août
GO6;M;0.507;2;9;DA;06-août
GO6;M;0.9930;0;10;DB;06-août
GO6;M;0.9930;1;6;DB;06-août
GO6;M;0.9930;2;4;DB;06-août
GO6;M;1.255;0;10;DC;06-août
GO6;M;1.255;1;3;DC;06-août
GO6;M;1.255;2;0;DC;06-août
GO6;M;1.5200;0;10;DD;06-août
GO6;M;1.5200;1;3;DD;06-août
GO6;M;1.5200;2;0;DD;06-août
GO6;M;0.00;0;10;EControl;12-août
GO6;M;0.00;1;10;EControl;12-août
GO6;M;0.00;2;9;EControl;12-août
GO6;M;0.258;0;10;EA;12-août
GO6;M;0.258;1;10;EA;12-août
GO6;M;0.258;2;10;EA;12-août
GO6;M;0.258;0;10;EB;12-août
GO6;M;0.258;1;9;EB;12-août
GO6;M;0.258;2;9;EB;12-août
GO6;M;0.00;0;10;ControlF;18-août
GO6;M;0.00;1;10;ControlF;18-août
GO6;M;0.00;2;10;ControlF;18-août
GO6;M;1.762;0;10;FA;18-août
GO6;M;1.762;1;0;FA;18-août
GO6;M;1.762;2;0;FA;18-août
GO6;M;2.0380;0;10;FB;18-août
GO6;M;2.0380;1;0;FB;18-août
GO6;M;2.0380;2;0;FB;18-août
GO6;M;3.0160;0;10;FC;18-août
GO6;M;3.0160;1;0;FC;18-août
GO6;M;3.0160;2;0;FC;18-août
GO6;M;4.9960;0;10;FD;18-août
GO6;M;4.9960;1;0;FD;18-août
GO6;M;4.9960;2;0;FD;18-août
GO6;M;0.00;0;10;ControlG;19-août
GO6;M;0.00;1;10;ControlG;19-août
GO6;M;0.00;2;10;ControlG;19-août
GO6;M;0.507;0;10;GA;19-août
GO6;M;0.507;1;10;GA;19-août
GO6;M;0.507;2;8;GA;19-août
GO6;M;0.9930;0;10;GB;19-août
GO6;M;0.9930;1;6;GB;19-août
GO6;M;0.9930;2;4;GB;19-août
GO6;M;1.255;0;10;GC;19-août
GO6;M;1.255;1;2;GC;19-août
GO6;M;1.255;2;1;GC;19-août
GO6;M;1.5200;0;10;GD;19-août
GO6;M;1.5200;1;0;GD;19-août
GO6;M;1.5200;2;0;GD;19-août
GO6;M;1.762;0;10;GE;19-août
GO6;M;1.762;1;0;GE;19-août
GO6;M;1.762;2;0;GE;19-août
GO6;M;2.0380;0;10;GF;19-août
GO6;M;2.0380;1;0;GF;19-août
GO6;M;2.0380;2;0;GF;19-août
GO6;M;3.0160;0;10;GH;19-août
GO6;M;3.0160;1;0;GH;19-août
GO6;M;3.0160;2;0;GH;19-août
GO6;M;0.00;0;10;ControlH;25-août
GO6;M;0.00;1;10;ControlH;25-août
GO6;M;0.00;2;10;ControlH;25-août
GO6;M;0.258;0;10;HA;25-août
GO6;M;0.258;1;10;HA;25-août
GO6;M;0.258;2;10;HA;25-août
GO6;M;0.258;0;10;HB;25-août
GO6;M;0.258;1;9;HB;25-août
GO6;M;0.258;2;8;HB;25-août
GO6;M;0.507;0;10;HC;25-août
GO6;M;0.507;1;9;HC;25-août
GO6;M;0.507;2;8;HC;25-août
GO6;M;0.9930;0;10;HD;25-août
GO6;M;0.9930;1;0;HD;25-août
GO6;M;0.9930;2;0;HD;25-août
GO6;M;1.255;0;10;HE;25-août
GO6;M;1.255;1;0;HE;25-août
GO6;M;1.255;2;0;HE;25-août
GO6;M;1.5200;0;10;HF;25-août
GO6;M;1.5200;1;0;HF;25-août
GO6;M;1.5200;2;0;HF;25-août
GO6;M;1.762;0;10;HG;25-août
GO6;M;1.762;1;0;HG;25-août
GO6;M;1.762;2;0;HG;25-août
GO6;M;2.0380;0;10;HH;25-août
GO6;M;2.0380;1;0;HH;25-août
GO6;M;2.0380;2;0;HH;25-août
GO6;M;0.00;0;10;ControlI;26-août
GO6;M;0.00;1;10;ControlI;26-août
GO6;M;0.00;2;10;ControlI;26-août
GO6;M;3.0160;0;10;IA;26-août
GO6;M;3.0160;1;0;IA;26-août
GO6;M;3.0160;2;0;IA;26-août
GO6;M;4.9960;0;10;IB;26-août
GO6;M;4.9960;1;0;IB;26-août
GO6;M;4.9960;2;0;IB;26-août
GO6;M;0.00;0;10;ControlJ;01-sept
GO6;M;0.00;1;10;ControlJ;01-sept
GO6;M;0.00;2;10;ControlJ;01-sept
GO6;M;0.258;0;10;JA;01-sept
GO6;M;0.258;1;10;JA;01-sept
GO6;M;0.258;2;10;JA;01-sept
GO6;M;0.507;0;10;JB;01-sept
GO6;M;0.507;1;9;JB;01-sept
GO6;M;0.507;2;9;JB;01-sept
GO6;M;0.9930;0;10;JC;01-sept
GO6;M;0.9930;1;8;JC;01-sept
GO6;M;0.9930;2;4;JC;01-sept
GO6;M;4.9960;0;10;JD;01-sept
GO6;M;4.9960;1;0;JD;01-sept
GO6;M;4.9960;2;0;JD;01-sept
GO6;M;4.9960;0;10;JE;01-sept
GO6;M;4.9960;1;0;JE;01-sept
GO6;M;4.9960;2;0;JE;01-sept
GO6;M;0.00;0;10;ControlK;15-sept
GO6;M;0.00;1;10;ControlK;15-sept
GO6;M;0.00;2;10;ControlK;15-sept
GO6;M;1.255;0;10;KA;15-sept
GO6;M;1.255;1;0;KA;15-sept
GO6;M;1.255;2;0;KA;15-sept
GO6;M;1.5200;0;10;KB;15-sept
GO6;M;1.5200;1;0;KB;15-sept
GO6;M;1.5200;2;0;KB;15-sept
GO6;M;1.762;0;10;KC;15-sept
GO6;M;1.762;1;0;KC;15-sept
GO6;M;1.762;2;0;KC;15-sept
GO6;M;2.0380;0;10;KD;15-sept
GO6;M;2.0380;1;0;KD;15-sept
GO6;M;2.0380;2;0;KD;15-sept
GO6;M;3.0160;0;10;KE;15-sept
GO6;M;3.0160;1;0;KE;15-sept
GO6;M;3.0160;2;0;KE;15-sept
LA0;M;0.00;0;10;ControlA;25-août
LA0;M;0.00;1;10;ControlA;25-août
LA0;M;0.00;2;10;ControlA;25-août
LA0;M;0.507;0;10;AA;25-août
LA0;M;0.507;1;9;AA;25-août
LA0;M;0.507;2;6;AA;25-août
LA0;M;0.9930;0;10;AB;25-août
LA0;M;0.9930;1;1;AB;25-août
LA0;M;0.9930;2;0;AB;25-août
LA0;M;1.255;0;10;AC;25-août
LA0;M;1.255;1;0;AC;25-août
LA0;M;1.255;2;0;AC;25-août
LA0;M;1.5200;0;10;AD;25-août
LA0;M;1.5200;1;0;AD;25-août
LA0;M;1.5200;2;0;AD;25-août
LA0;M;2.0380;0;10;AE;25-août
LA0;M;2.0380;1;0;AE;25-août
LA0;M;2.0380;2;0;AE;25-août
LA0;M;0.00;0;10;ControlB;26-août
LA0;M;0.00;1;10;ControlB;26-août
LA0;M;0.00;2;10;ControlB;26-août
LA0;M;1.762;0;10;BA;26-août
LA0;M;1.762;1;1;BA;26-août
LA0;M;1.762;2;0;BA;26-août
LA0;M;3.0160;0;10;BB;26-août
LA0;M;3.0160;1;0;BB;26-août
LA0;M;3.0160;2;0;BB;26-août
LA0;M;0.00;0;20;ControlC;27-août
LA0;M;0.00;1;20;ControlC;27-août
LA0;M;0.00;2;19;ControlC;27-août
LA0;M;0.258;0;10;CA;27-août
LA0;M;0.258;1;9;CA;27-août
LA0;M;0.258;2;8;CA;27-août
LA0;M;0.258;0;10;CB;27-août
LA0;M;0.258;1;8;CB;27-août
LA0;M;0.258;2;7;CB;27-août
LA0;M;0.507;0;10;CC;27-août
LA0;M;0.507;1;6;CC;27-août
LA0;M;0.507;2;5;CC;27-août
LA0;M;0.9930;0;10;CD;27-août
LA0;M;0.9930;1;0;CD;27-août
LA0;M;0.9930;2;0;CD;27-août
LA0;M;1.255;0;10;CE;27-août
LA0;M;1.255;1;0;CE;27-août
LA0;M;1.255;2;0;CE;27-août
LA0;M;2.0380;0;10;CF;27-août
LA0;M;2.0380;1;0;CF;27-août
LA0;M;2.0380;2;0;CF;27-août
LA0;M;3.0160;0;10;CG;27-août
LA0;M;3.0160;1;0;CG;27-août
LA0;M;3.0160;2;0;CG;27-août
LA0;M;4.9960;0;10;CH;27-août
LA0;M;4.9960;1;0;CH;27-août
LA0;M;4.9960;2;0;CH;27-août
LA0;M;0.00;0;20;ControlD;01-sept
LA0;M;0.00;1;20;ControlD;01-sept
LA0;M;0.00;2;19;ControlD;01-sept
LA0;M;0.258;0;10;DA;01-sept
LA0;M;0.258;1;10;DA;01-sept
LA0;M;0.258;2;10;DA;01-sept
LA0;M;0.258;0;10;DB;01-sept
LA0;M;0.258;1;10;DB;01-sept
LA0;M;0.258;2;10;DB;01-sept
LA0;M;0.507;0;10;DC;01-sept
LA0;M;0.507;1;10;DC;01-sept
LA0;M;0.507;2;10;DC;01-sept
LA0;M;0.9930;0;10;DD;01-sept
LA0;M;0.9930;1;7;DD;01-sept
LA0;M;0.9930;2;1;DD;01-sept
LA0;M;1.255;0;10;DE;01-sept
LA0;M;1.255;1;6;DE;01-sept
LA0;M;1.255;2;0;DE;01-sept
LA0;M;1.5200;0;10;DF;01-sept
LA0;M;1.5200;1;1;DF;01-sept
LA0;M;1.5200;2;0;DF;01-sept
LA0;M;1.5200;0;10;DG;01-sept
LA0;M;1.5200;1;3;DG;01-sept
LA0;M;1.5200;2;0;DG;01-sept
LA0;M;1.762;0;10;DH;01-sept
LA0;M;1.762;1;1;DH;01-sept
LA0;M;1.762;2;0;DH;01-sept
LA0;M;1.762;0;10;DI;01-sept
LA0;M;1.762;1;0;DI;01-sept
LA0;M;1.762;2;0;DI;01-sept
LA0;M;2.0380;0;10;DJ;01-sept
LA0;M;2.0380;1;1;DJ;01-sept
LA0;M;2.0380;2;0;DJ;01-sept
LA0;M;3.0160;0;10;DK;01-sept
LA0;M;3.0160;1;0;DK;01-sept
LA0;M;3.0160;2;0;DK;01-sept
LA0;M;4.9960;0;10;DL;01-sept
LA0;M;4.9960;1;0;DL;01-sept
LA0;M;4.9960;2;0;DL;01-sept
LA0;M;4.9960;0;10;DM;01-sept
LA0;M;4.9960;1;0;DM;01-sept
LA0;M;4.9960;2;0;DM;01-sept
LA0;M;4.9960;0;10;DN;01-sept
LA0;M;4.9960;1;0;DN;01-sept
LA0;M;4.9960;2;0;DN;01-sept
LA0;M;0.00;0;20;EControl;02-sept
LA0;M;0.00;1;20;EControl;02-sept
LA0;M;0.00;2;20;EControl;02-sept
LA0;M;0.258;0;10;EA;02-sept
LA0;M;0.258;1;10;EA;02-sept
LA0;M;0.258;2;10;EA;02-sept
LA0;M;0.507;0;10;EB;02-sept
LA0;M;0.507;1;9;EB;02-sept
LA0;M;0.507;2;9;EB;02-sept
LA0;M;0.9930;0;10;EC;02-sept
LA0;M;0.9930;1;4;EC;02-sept
LA0;M;0.9930;2;0;EC;02-sept
LA0;M;1.255;0;10;ED;02-sept
LA0;M;1.255;1;0;ED;02-sept
LA0;M;1.255;2;0;ED;02-sept
LA0;M;1.5200;0;10;EF;02-sept
LA0;M;1.5200;1;0;EF;02-sept
LA0;M;1.5200;2;0;EF;02-sept
LA0;M;1.762;0;10;EG;02-sept
LA0;M;1.762;1;0;EG;02-sept
LA0;M;1.762;2;0;EG;02-sept
LA0;M;2.0380;0;10;EH;02-sept
LA0;M;2.0380;1;0;EH;02-sept
LA0;M;2.0380;2;0;EH;02-sept
LA0;M;3.0160;0;10;EI;02-sept
LA0;M;3.0160;1;0;EI;02-sept
LA0;M;3.0160;2;0;EI;02-sept
LA0;M;0.00;0;10;ControlF;08-sept
LA0;M;0.00;1;10;ControlF;08-sept
LA0;M;0.00;2;10;ControlF;08-sept
LA0;M;0.507;0;10;FA;08-sept
LA0;M;0.507;1;10;FA;08-sept
LA0;M;0.507;2;10;FA;08-sept
LA0;M;0.9930;0;10;FB;08-sept
LA0;M;0.9930;1;9;FB;08-sept
LA0;M;0.9930;2;3;FB;08-sept
LA0;M;1.255;0;10;FC;08-sept
LA0;M;1.255;1;7;FC;08-sept
LA0;M;1.255;2;0;FC;08-sept
LA0;M;1.5200;0;10;FD;08-sept
LA0;M;1.5200;1;0;FD;08-sept
LA0;M;1.5200;2;0;FD;08-sept
LA0;M;1.762;0;10;FE;08-sept
LA0;M;1.762;1;0;FE;08-sept
LA0;M;1.762;2;0;FE;08-sept
LA0;M;4.9960;0;10;FF;08-sept
LA0;M;4.9960;1;0;FF;08-sept
LA0;M;4.9960;2;0;FF;08-sept
LA0;M;0.00;0;10;ControlG;10-sept
LA0;M;0.00;1;10;ControlG;10-sept
LA0;M;0.00;2;10;ControlG;10-sept
LA0;M;2.0380;0;10;GA;10-sept
LA0;M;2.0380;1;0;GA;10-sept
LA0;M;2.0380;2;0;GA;10-sept
LA0;M;3.0160;0;10;GB;10-sept
LA0;M;3.0160;1;0;GB;10-sept
LA0;M;3.0160;2;0;GB;10-sept
PE7;M;0.00;0;20;ControlA;03-mars
PE7;M;0.00;1;20;ControlA;03-mars
PE7;M;0.00;2;20;ControlA;03-mars
PE7;M;0.9930;0;10;AA;03-mars
PE7;M;0.9930;1;6;AA;03-mars
PE7;M;0.9930;2;3;AA;03-mars
PE7;M;1.255;0;10;AB;03-mars
PE7;M;1.255;1;6;AB;03-mars
PE7;M;1.255;2;0;AB;03-mars
PE7;M;1.5200;0;10;AC;03-mars
PE7;M;1.5200;1;2;AC;03-mars
PE7;M;1.5200;2;0;AC;03-mars
PE7;M;1.762;0;10;AD;03-mars
PE7;M;1.762;1;0;AD;03-mars
PE7;M;1.762;2;0;AD;03-mars
PE7;M;2.0380;0;10;AE;03-mars
PE7;M;2.0380;1;0;AE;03-mars
PE7;M;2.0380;2;0;AE;03-mars
PE7;M;3.0160;0;10;AF;03-mars
PE7;M;3.0160;1;0;AF;03-mars
PE7;M;3.0160;2;0;AF;03-mars
PE7;M;0.00;0;20;ControlB;04-mars
PE7;M;0.00;1;20;ControlB;04-mars
PE7;M;0.00;2;19;ControlB;04-mars
PE7;M;0.9930;0;10;BA;04-mars
PE7;M;0.9930;1;8;BA;04-mars
PE7;M;0.9930;2;6;BA;04-mars
PE7;M;1.255;0;10;BB;04-mars
PE7;M;1.255;1;4;BB;04-mars
PE7;M;1.255;2;2;BB;04-mars
PE7;M;1.5200;0;10;BC;04-mars
PE7;M;1.5200;1;5;BC;04-mars
PE7;M;1.5200;2;4;BC;04-mars
PE7;M;1.762;0;10;BD;04-mars
PE7;M;1.762;1;6;BD;04-mars
PE7;M;1.762;2;1;BD;04-mars
PE7;M;2.0380;0;10;BE;04-mars
PE7;M;2.0380;1;2;BE;04-mars
PE7;M;2.0380;2;0;BE;04-mars
PE7;M;3.0160;0;10;BF;04-mars
PE7;M;3.0160;1;1;BF;04-mars
PE7;M;3.0160;2;0;BF;04-mars
PE7;M;0.00;0;10;ControlC;10-juin
PE7;M;0.00;1;10;ControlC;10-juin
PE7;M;0.00;2;10;ControlC;10-juin
PE7;M;0.9930;0;10;CA;10-juin
PE7;M;0.9930;1;10;CA;10-juin
PE7;M;0.9930;2;7;CA;10-juin
PE7;M;1.255;0;10;CB;10-juin
PE7;M;1.255;1;9;CB;10-juin
PE7;M;1.255;2;6;CB;10-juin
PE7;M;1.5200;0;10;CC;10-juin
PE7;M;1.5200;1;8;CC;10-juin
PE7;M;1.5200;2;2;CC;10-juin
PE7;M;1.762;0;10;CD;10-juin
PE7;M;1.762;1;6;CD;10-juin
PE7;M;1.762;2;0;CD;10-juin
PE7;M;2.0380;0;10;CE;10-juin
PE7;M;2.0380;1;4;CE;10-juin
PE7;M;2.0380;2;0;CE;10-juin
PE7;M;3.0160;0;10;CF;10-juin
PE7;M;3.0160;1;0;CF;10-juin
PE7;M;3.0160;2;0;CF;10-juin
PE7;M;0.00;0;20;ControlD;15-juin
PE7;M;0.00;1;20;ControlD;15-juin
PE7;M;0.00;2;20;ControlD;15-juin
PE7;M;0.9930;0;10;DA;15-juin
PE7;M;0.9930;1;7;DA;15-juin
PE7;M;0.9930;2;6;DA;15-juin
PE7;M;1.255;0;10;DB;15-juin
PE7;M;1.255;1;8;DB;15-juin
PE7;M;1.255;2;7;DB;15-juin
PE7;M;1.5200;0;10;DC;15-juin
PE7;M;1.5200;1;7;DC;15-juin
PE7;M;1.5200;2;1;DC;15-juin
PE7;M;1.762;0;10;DD;15-juin
PE7;M;1.762;1;7;DD;15-juin
PE7;M;1.762;2;3;DD;15-juin
PE7;M;2.0380;0;10;DE;15-juin
PE7;M;2.0380;1;5;DE;15-juin
PE7;M;2.0380;2;0;DE;15-juin
PE7;M;3.0160;0;10;DF;15-juin
PE7;M;3.0160;1;0;DF;15-juin
PE7;M;3.0160;2;0;DF;15-juin
PE7;M;0.00;0;10;ControlE;23-juil
PE7;M;0.00;1;10;ControlE;23-juil
PE7;M;0.00;2;10;ControlE;23-juil
PE7;M;0.507;0;10;EA;23-juil
PE7;M;0.507;1;9;EA;23-juil
PE7;M;0.507;2;8;EA;23-juil
PE7;M;0.507;0;10;EB;23-juil
PE7;M;0.507;1;10;EB;23-juil
PE7;M;0.507;2;8;EB;23-juil
PE7;M;0.507;0;10;EC;23-juil
PE7;M;0.507;1;10;EC;23-juil
PE7;M;0.507;2;10;EC;23-juil
PE7;M;0.507;0;10;ED;23-juil
PE7;M;0.507;1;10;ED;23-juil
PE7;M;0.507;2;8;ED;23-juil
PE7;M;0.00;0;10;ControlF;28-juil
PE7;M;0.00;1;10;ControlF;28-juil
PE7;M;0.00;2;10;ControlF;28-juil
PE7;M;0.507;0;10;FA;28-juil
PE7;M;0.507;1;10;FA;28-juil
PE7;M;0.507;2;7;FA;28-juil
PE7;M;0.9930;0;10;FB;28-juil
PE7;M;0.9930;1;6;FB;28-juil
PE7;M;0.9930;2;2;FB;28-juil
PE7;M;1.255;0;10;FC;28-juil
PE7;M;1.255;1;1;FC;28-juil
PE7;M;1.255;2;0;FC;28-juil
PE7;M;1.5200;0;10;FD;28-juil
PE7;M;1.5200;1;0;FD;28-juil
PE7;M;1.5200;2;0;FD;28-juil
PE7;M;2.0380;0;10;FE;28-juil
PE7;M;2.0380;1;0;FE;28-juil
PE7;M;2.0380;2;0;FE;28-juil
PE7;M;4.9960;0;10;FF;28-juil
PE7;M;4.9960;1;0;FF;28-juil
PE7;M;4.9960;2;0;FF;28-juil
PE7;M;0.00;0;10;ControlG;04-août
PE7;M;0.00;1;10;ControlG;04-août
PE7;M;0.00;2;10;ControlG;04-août
PE7;M;1.762;0;10;GA;04-août
PE7;M;1.762;1;0;GA;04-août
PE7;M;1.762;2;0;GA;04-août
PE7;M;3.0160;0;10;GB;04-août
PE7;M;3.0160;1;0;GB;04-août
PE7;M;3.0160;2;0;GB;04-août
PE7;M;4.9960;0;10;GC;04-août
PE7;M;4.9960;1;0;GC;04-août
PE7;M;4.9960;2;0;GC;04-août
PE7;M;4.9960;0;10;GD;04-août
PE7;M;4.9960;1;0;GD;04-août
PE7;M;4.9960;2;0;GD;04-août
PE7;M;0.00;0;20;ControlH;05-août
PE7;M;0.00;1;20;ControlH;05-août
PE7;M;0.00;2;20;ControlH;05-août
PE7;M;4.9960;0;10;HA;05-août
PE7;M;4.9960;1;0;HA;05-août
PE7;M;4.9960;2;0;HA;05-août
PE7;M;4.9960;0;10;HB;05-août
PE7;M;4.9960;1;0;HB;05-août
PE7;M;4.9960;2;0;HB;05-août
PE7;M;0.00;0;10;ControlI;11-août
PE7;M;0.00;1;9;ControlI;11-août
PE7;M;0.00;2;9;ControlI;11-août
PE7;M;0.258;0;10;IA;11-août
PE7;M;0.258;1;10;IA;11-août
PE7;M;0.258;2;9;IA;11-août
PE7;M;0.507;0;10;IB;11-août
PE7;M;0.507;1;10;IB;11-août
PE7;M;0.507;2;10;IB;11-août
PE7;M;0.00;0;10;ControlJ;19-août
PE7;M;0.00;1;10;ControlJ;19-août
PE7;M;0.00;2;9;ControlJ;19-août
PE7;M;0.258;0;10;JA;19-août
PE7;M;0.258;1;10;JA;19-août
PE7;M;0.258;2;10;JA;19-août
PE7;M;0.258;0;10;JB;19-août
PE7;M;0.258;1;10;JB;19-août
PE7;M;0.258;2;10;JB;19-août
PE7;M;0.258;0;10;JC;19-août
PE7;M;0.258;1;9;JC;19-août
PE7;M;0.258;2;9;JC;19-août
PE7;M;0.258;0;10;JD;19-août
PE7;M;0.258;1;10;JD;19-août
PE7;M;0.258;2;10;JD;19-août
P16;M;0.00;0;10;ControlA;01-juil
P16;M;0.00;1;10;ControlA;01-juil
P16;M;0.00;2;10;ControlA;01-juil
P16;M;0.9930;0;10;AA;01-juil
P16;M;0.9930;1;8;AA;01-juil
P16;M;0.9930;2;8;AA;01-juil
P16;M;1.255;0;10;AB;01-juil
P16;M;1.255;1;7;AB;01-juil
P16;M;1.255;2;3;AB;01-juil
P16;M;1.5200;0;10;AC;01-juil
P16;M;1.5200;1;2;AC;01-juil
P16;M;1.5200;2;1;AC;01-juil
P16;M;1.762;0;10;AD;01-juil
P16;M;1.762;1;4;AD;01-juil
P16;M;1.762;2;0;AD;01-juil
P16;M;2.0380;0;10;AE;01-juil
P16;M;2.0380;1;0;AE;01-juil
P16;M;2.0380;2;0;AE;01-juil
P16;M;3.0160;0;10;AF;01-juil
P16;M;3.0160;1;2;AF;01-juil
P16;M;3.0160;2;0;AF;01-juil
P16;M;0.00;0;10;ControlB;01-juil
P16;M;0.00;1;10;ControlB;01-juil
P16;M;0.00;2;9;ControlB;01-juil
P16;M;0.9930;0;10;BA;01-juil
P16;M;0.9930;1;9;BA;01-juil
P16;M;0.9930;2;5;BA;01-juil
P16;M;1.255;0;10;BB;01-juil
P16;M;1.255;1;7;BB;01-juil
P16;M;1.255;2;4;BB;01-juil
P16;M;1.5200;0;10;BC;01-juil
P16;M;1.5200;1;7;BC;01-juil
P16;M;1.5200;2;1;BC;01-juil
P16;M;1.762;0;10;BD;01-juil
P16;M;1.762;1;6;BD;01-juil
P16;M;1.762;2;2;BD;01-juil
P16;M;2.0380;0;10;BE;01-juil
P16;M;2.0380;1;0;BE;01-juil
P16;M;2.0380;2;0;BE;01-juil
P16;M;3.0160;0;10;BF;01-juil
P16;M;3.0160;1;4;BF;01-juil
P16;M;3.0160;2;0;BF;01-juil
P16;M;0.00;0;10;ControlC;07-juil
P16;M;0.00;1;10;ControlC;07-juil
P16;M;0.00;2;10;ControlC;07-juil
P16;M;0.507;0;10;CAA;07-juil
P16;M;0.507;1;10;CAA;07-juil
P16;M;0.507;2;10;CAA;07-juil
P16;M;0.507;0;10;CAB;07-juil
P16;M;0.507;1;10;CAB;07-juil
P16;M;0.507;2;10;CAB;07-juil
P16;M;0.9930;0;10;CA;07-juil
P16;M;0.9930;1;9;CA;07-juil
P16;M;0.9930;2;4;CA;07-juil
P16;M;1.255;0;10;CB;07-juil
P16;M;1.255;1;9;CB;07-juil
P16;M;1.255;2;2;CB;07-juil
P16;M;1.5200;0;10;CC;07-juil
P16;M;1.5200;1;7;CC;07-juil
P16;M;1.5200;2;0;CC;07-juil
P16;M;1.762;0;10;CD;07-juil
P16;M;1.762;1;3;CD;07-juil
P16;M;1.762;2;0;CD;07-juil
P16;M;2.0380;0;10;CE;07-juil
P16;M;2.0380;1;0;CE;07-juil
P16;M;2.0380;2;0;CE;07-juil
P16;M;3.0160;0;10;CF;07-juil
P16;M;3.0160;1;0;CF;07-juil
P16;M;3.0160;2;0;CF;07-juil
P16;M;0.00;0;10;ControlD;08-juil
P16;M;0.00;1;9;ControlD;08-juil
P16;M;0.00;2;9;ControlD;08-juil
P16;M;0.507;0;10;DAA;08-juil
P16;M;0.507;1;10;DAA;08-juil
P16;M;0.507;2;10;DAA;08-juil
P16;M;0.9930;0;10;DA;08-juil
P16;M;0.9930;1;8;DA;08-juil
P16;M;0.9930;2;7;DA;08-juil
P16;M;1.255;0;10;DB;08-juil
P16;M;1.255;1;7;DB;08-juil
P16;M;1.255;2;5;DB;08-juil
P16;M;1.5200;0;10;DC;08-juil
P16;M;1.5200;1;5;DC;08-juil
P16;M;1.5200;2;2;DC;08-juil
P16;M;1.762;0;10;DD;08-juil
P16;M;1.762;1;4;DD;08-juil
P16;M;1.762;2;0;DD;08-juil
P16;M;2.0380;0;10;DE;08-juil
P16;M;2.0380;1;5;DE;08-juil
P16;M;2.0380;2;0;DE;08-juil
P16;M;3.0160;0;10;DF;08-juil
P16;M;3.0160;1;0;DF;08-juil
P16;M;3.0160;2;0;DF;08-juil
P16;M;0.00;0;10;ControlE;23-juil
P16;M;0.00;1;10;ControlE;23-juil
P16;M;0.00;2;10;ControlE;23-juil
P16;M;0.507;0;10;EA;23-juil
P16;M;0.507;1;10;EA;23-juil
P16;M;0.507;2;10;EA;23-juil
P16;M;0.00;0;10;ControlF;28-juil
P16;M;0.00;1;10;ControlF;28-juil
P16;M;0.00;2;10;ControlF;28-juil
P16;M;4.9960;0;10;FA;28-juil
P16;M;4.9960;1;0;FA;28-juil
P16;M;4.9960;2;0;FA;28-juil
P16;M;0.00;0;10;ControlG;04-août
P16;M;0.00;1;10;ControlG;04-août
P16;M;0.00;2;9;ControlG;04-août
P16;M;4.9960;0;10;GA;04-août
P16;M;4.9960;1;0;GA;04-août
P16;M;4.9960;2;0;GA;04-août
P16;M;4.9960;0;10;GB;04-août
P16;M;4.9960;1;0;GB;04-août
P16;M;4.9960;2;0;GB;04-août
P16;M;4.9960;0;10;GC;04-août
P16;M;4.9960;1;0;GC;04-août
P16;M;4.9960;2;0;GC;04-août
P16;M;4.9960;0;10;GD;04-août
P16;M;4.9960;1;0;GD;04-août
P16;M;4.9960;2;0;GD;04-août
P16;M;0.00;0;10;ControlH;18-août
P16;M;0.00;1;10;ControlH;18-août
P16;M;0.00;2;10;ControlH;18-août
P16;M;0.258;0;10;HA;18-août
P16;M;0.258;1;9;HA;18-août
P16;M;0.258;2;7;HA;18-août
P16;M;0.258;0;10;HB;18-août
P16;M;0.258;1;10;HB;18-août
P16;M;0.258;2;9;HB;18-août
P16;M;0.258;0;10;HC;18-août
P16;M;0.258;1;10;HC;18-août
P16;M;0.258;2;10;HC;18-août
P16;M;0.258;0;10;HD;18-août
P16;M;0.258;1;8;HD;18-août
P16;M;0.258;2;8;HD;18-août
P16;M;0.258;0;10;HE;18-août
P16;M;0.258;1;8;HE;18-août
P16;M;0.258;2;8;HE;18-août
RE0;M;0.00;0;10;ControlA;26-févr
RE0;M;0.00;1;10;ControlA;26-févr
RE0;M;0.00;2;10;ControlA;26-févr
RE0;M;0.9930;0;10;AA;26-févr
RE0;M;0.9930;1;9;AA;26-févr
RE0;M;0.9930;2;5;AA;26-févr
RE0;M;1.255;0;10;AB;26-févr
RE0;M;1.255;1;6;AB;26-févr
RE0;M;1.255;2;5;AB;26-févr
RE0;M;1.5200;0;10;AC;26-févr
RE0;M;1.5200;1;8;AC;26-févr
RE0;M;1.5200;2;6;AC;26-févr
RE0;M;1.762;0;10;AD;26-févr
RE0;M;1.762;1;10;AD;26-févr
RE0;M;1.762;2;9;AD;26-févr
RE0;M;2.0380;0;10;AE;26-févr
RE0;M;2.0380;1;10;AE;26-févr
RE0;M;2.0380;2;4;AE;26-févr
RE0;M;3.0160;0;10;AF;26-févr
RE0;M;3.0160;1;4;AF;26-févr
RE0;M;3.0160;2;0;AF;26-févr
RE0;M;0.00;0;10;ControlB;26-févr
RE0;M;0.00;1;10;ControlB;26-févr
RE0;M;0.00;2;9;ControlB;26-févr
RE0;M;0.9930;0;10;BA;26-févr
RE0;M;0.9930;1;9;BA;26-févr
RE0;M;0.9930;2;7;BA;26-févr
RE0;M;1.255;0;10;BB;26-févr
RE0;M;1.255;1;6;BB;26-févr
RE0;M;1.255;2;5;BB;26-févr
RE0;M;1.5200;0;10;BC;26-févr
RE0;M;1.5200;1;4;BC;26-févr
RE0;M;1.5200;2;3;BC;26-févr
RE0;M;1.762;0;10;BD;26-févr
RE0;M;1.762;1;6;BD;26-févr
RE0;M;1.762;2;4;BD;26-févr
RE0;M;2.0380;0;10;BE;26-févr
RE0;M;2.0380;1;7;BE;26-févr
RE0;M;2.0380;2;2;BE;26-févr
RE0;M;3.0160;0;10;BF;26-févr
RE0;M;3.0160;1;4;BF;26-févr
RE0;M;3.0160;2;0;BF;26-févr
RE0;M;0.00;0;10;ControlC;03-mars
RE0;M;0.00;1;10;ControlC;03-mars
RE0;M;0.00;2;9;ControlC;03-mars
RE0;M;0.9930;0;10;CA;03-mars
RE0;M;0.9930;1;7;CA;03-mars
RE0;M;0.9930;2;4;CA;03-mars
RE0;M;1.255;0;10;CB;03-mars
RE0;M;1.255;1;2;CB;03-mars
RE0;M;1.255;2;0;CB;03-mars
RE0;M;1.5200;0;10;CC;03-mars
RE0;M;1.5200;1;4;CC;03-mars
RE0;M;1.5200;2;1;CC;03-mars
RE0;M;1.762;0;10;CD;03-mars
RE0;M;1.762;1;4;CD;03-mars
RE0;M;1.762;2;0;CD;03-mars
RE0;M;2.0380;0;10;CE;03-mars
RE0;M;2.0380;1;3;CE;03-mars
RE0;M;2.0380;2;0;CE;03-mars
RE0;M;3.0160;0;10;CF;03-mars
RE0;M;3.0160;1;0;CF;03-mars
RE0;M;3.0160;2;0;CF;03-mars
RE0;M;0.00;0;10;ControlD;03-mars
RE0;M;0.00;1;10;ControlD;03-mars
RE0;M;0.00;2;10;ControlD;03-mars
RE0;M;0.9930;0;10;DA;03-mars
RE0;M;0.9930;1;8;DA;03-mars
RE0;M;0.9930;2;8;DA;03-mars
RE0;M;1.255;0;10;DB;03-mars
RE0;M;1.255;1;8;DB;03-mars
RE0;M;1.255;2;3;DB;03-mars
RE0;M;1.5200;0;10;DC;03-mars
RE0;M;1.5200;1;2;DC;03-mars
RE0;M;1.5200;2;0;DC;03-mars
RE0;M;1.762;0;10;DD;03-mars
RE0;M;1.762;1;0;DD;03-mars
RE0;M;1.762;2;0;DD;03-mars
RE0;M;2.0380;0;10;DE;03-mars
RE0;M;2.0380;1;1;DE;03-mars
RE0;M;2.0380;2;0;DE;03-mars
RE0;M;3.0160;0;10;DF;03-mars
RE0;M;3.0160;1;0;DF;03-mars
RE0;M;3.0160;2;0;DF;03-mars
RE0;M;0.00;0;10;ControlE;03-mars
RE0;M;0.00;1;10;ControlE;03-mars
RE0;M;0.00;2;10;ControlE;03-mars
RE0;M;0.9930;0;10;EA;03-mars
RE0;M;0.9930;1;8;EA;03-mars
RE0;M;0.9930;2;5;EA;03-mars
RE0;M;1.255;0;10;EB;03-mars
RE0;M;1.255;1;5;EB;03-mars
RE0;M;1.255;2;1;EB;03-mars
RE0;M;1.5200;0;10;EC;03-mars
RE0;M;1.5200;1;0;EC;03-mars
RE0;M;1.5200;2;0;EC;03-mars
RE0;M;1.762;0;10;ED;03-mars
RE0;M;1.762;1;0;ED;03-mars
RE0;M;1.762;2;0;ED;03-mars
RE0;M;2.0380;0;10;EE;03-mars
RE0;M;2.0380;1;0;EE;03-mars
RE0;M;2.0380;2;0;EE;03-mars
RE0;M;3.0160;0;10;EF;03-mars
RE0;M;3.0160;1;0;EF;03-mars
RE0;M;3.0160;2;0;EF;03-mars
RE0;M;0.00;0;20;ControlF;10-mars
RE0;M;0.00;1;20;ControlF;10-mars
RE0;M;0.00;2;20;ControlF;10-mars
RE0;M;0.9930;0;10;FA;10-mars
RE0;M;0.9930;1;9;FA;10-mars
RE0;M;0.9930;2;9;FA;10-mars
RE0;M;1.255;0;10;FB;10-mars
RE0;M;1.255;1;8;FB;10-mars
RE0;M;1.255;2;7;FB;10-mars
RE0;M;1.5200;0;10;FC;10-mars
RE0;M;1.5200;1;1;FC;10-mars
RE0;M;1.5200;2;1;FC;10-mars
RE0;M;1.762;0;10;FD;10-mars
RE0;M;1.762;1;1;FD;10-mars
RE0;M;1.762;2;0;FD;10-mars
RE0;M;2.0380;0;10;FE;10-mars
RE0;M;2.0380;1;3;FE;10-mars
RE0;M;2.0380;2;0;FE;10-mars
RE0;M;3.0160;0;10;FF;10-mars
RE0;M;3.0160;1;0;FF;10-mars
RE0;M;3.0160;2;0;FF;10-mars
RE0;M;0.00;0;20;ControlG;10-mars
RE0;M;0.00;1;20;ControlG;10-mars
RE0;M;0.00;2;20;ControlG;10-mars
RE0;M;0.9930;0;10;GA;10-mars
RE0;M;0.9930;1;9;GA;10-mars
RE0;M;0.9930;2;9;GA;10-mars
RE0;M;1.255;0;10;GB;10-mars
RE0;M;1.255;1;4;GB;10-mars
RE0;M;1.255;2;3;GB;10-mars
RE0;M;1.5200;0;10;GC;10-mars
RE0;M;1.5200;1;0;GC;10-mars
RE0;M;1.5200;2;0;GC;10-mars
RE0;M;1.762;0;10;GD;10-mars
RE0;M;1.762;1;4;GD;10-mars
RE0;M;1.762;2;0;GD;10-mars
RE0;M;2.0380;0;10;GE;10-mars
RE0;M;2.0380;1;0;GE;10-mars
RE0;M;2.0380;2;0;GE;10-mars
RE0;M;3.0160;0;10;GF;10-mars
RE0;M;3.0160;1;0;GF;10-mars
RE0;M;3.0160;2;0;GF;10-mars
RE0;M;0.00;0;20;ControlH;10-mars
RE0;M;0.00;1;20;ControlH;10-mars
RE0;M;0.00;2;20;ControlH;10-mars
RE0;M;0.9930;0;10;HA;10-mars
RE0;M;0.9930;1;8;HA;10-mars
RE0;M;0.9930;2;8;HA;10-mars
RE0;M;1.255;0;10;HB;10-mars
RE0;M;1.255;1;0;HB;10-mars
RE0;M;1.255;2;0;HB;10-mars
RE0;M;1.5200;0;10;HC;10-mars
RE0;M;1.5200;1;0;HC;10-mars
RE0;M;1.5200;2;0;HC;10-mars
RE0;M;1.762;0;10;HD;10-mars
RE0;M;1.762;1;0;HD;10-mars
RE0;M;1.762;2;0;HD;10-mars
RE0;M;2.0380;0;10;HE;10-mars
RE0;M;2.0380;1;0;HE;10-mars
RE0;M;2.0380;2;0;HE;10-mars
RE0;M;3.0160;0;10;HF;10-mars
RE0;M;3.0160;1;0;HF;10-mars
RE0;M;3.0160;2;0;HF;10-mars
RE0;M;0.00;0;20;ControlI;10-mars
RE0;M;0.00;1;20;ControlI;10-mars
RE0;M;0.00;2;20;ControlI;10-mars
RE0;M;0.9930;0;10;IA;10-mars
RE0;M;0.9930;1;10;IA;10-mars
RE0;M;0.9930;2;8;IA;10-mars
RE0;M;1.255;0;10;IB;10-mars
RE0;M;1.255;1;9;IB;10-mars
RE0;M;1.255;2;5;IB;10-mars
RE0;M;1.5200;0;10;IC;10-mars
RE0;M;1.5200;1;4;IC;10-mars
RE0;M;1.5200;2;2;IC;10-mars
RE0;M;1.762;0;10;ID;10-mars
RE0;M;1.762;1;1;ID;10-mars
RE0;M;1.762;2;1;ID;10-mars
RE0;M;2.0380;0;10;IE;10-mars
RE0;M;2.0380;1;3;IE;10-mars
RE0;M;2.0380;2;0;IE;10-mars
RE0;M;3.0160;0;10;IF;10-mars
RE0;M;3.0160;1;0;IF;10-mars
RE0;M;3.0160;2;0;IF;10-mars
RE0;M;0.00;0;10;ControlJ;11-août
RE0;M;0.00;1;9;ControlJ;11-août
RE0;M;0.00;2;9;ControlJ;11-août
RE0;M;0.507;0;10;JA;11-août
RE0;M;0.507;1;10;JA;11-août
RE0;M;0.507;2;10;JA;11-août
RE0;M;0.507;0;10;JB;11-août
RE0;M;0.507;1;10;JB;11-août
RE0;M;0.507;2;9;JB;11-août
RE0;M;0.507;0;10;JC;11-août
RE0;M;0.507;1;10;JC;11-août
RE0;M;0.507;2;10;JC;11-août
RE0;M;4.9960;0;10;JD;11-août
RE0;M;4.9960;1;0;JD;11-août
RE0;M;4.9960;2;0;JD;11-août
RE0;M;4.9960;0;10;JE;11-août
RE0;M;4.9960;1;0;JE;11-août
RE0;M;4.9960;2;0;JE;11-août
RE0;M;0.00;0;10;ControlK;12-août
RE0;M;0.00;1;10;ControlK;12-août
RE0;M;0.00;2;10;ControlK;12-août
RE0;M;0.507;0;10;KA;12-août
RE0;M;0.507;1;10;KA;12-août
RE0;M;0.507;2;9;KA;12-août
RE0;M;4.9960;0;10;KB;12-août
RE0;M;4.9960;1;0;KB;12-août
RE0;M;4.9960;2;0;KB;12-août
RE0;M;0.00;0;10;ControlL;27-août
RE0;M;0.00;1;9;ControlL;27-août
RE0;M;0.00;2;9;ControlL;27-août
RE0;M;0.258;0;10;LA;27-août
RE0;M;0.258;1;10;LA;27-août
RE0;M;0.258;2;8;LA;27-août
RE0;M;0.258;0;10;LB;27-août
RE0;M;0.258;1;6;LB;27-août
RE0;M;0.258;2;5;LB;27-août
RE0;M;0.258;0;10;LC;27-août
RE0;M;0.258;1;8;LC;27-août
RE0;M;0.258;2;7;LC;27-août
RE0;M;0.507;0;10;LD;27-août
RE0;M;0.507;1;3;LD;27-août
RE0;M;0.507;2;2;LD;27-août
RE0;M;4.9960;0;10;LE;27-août
RE0;M;4.9960;1;0;LE;27-août
RE0;M;4.9960;2;0;LE;27-août
RE0;M;4.9960;0;10;LF;27-août
RE0;M;4.9960;1;0;LF;27-août
RE0;M;4.9960;2;0;LF;27-août
RE0;M;0.00;0;10;ControlM;01-sept
RE0;M;0.00;1;10;ControlM;01-sept
RE0;M;0.00;2;10;ControlM;01-sept
RE0;M;0.258;0;10;MA;01-sept
RE0;M;0.258;1;10;MA;01-sept
RE0;M;0.258;2;10;MA;01-sept
RE0;M;0.258;0;10;MB;01-sept
RE0;M;0.258;1;10;MB;01-sept
RE0;M;0.258;2;9;MB;01-sept
RE0;M;0.00;0;10;ControlN;02-sept
RE0;M;0.00;1;10;ControlN;02-sept
RE0;M;0.00;2;10;ControlN;02-sept
RE0;M;0.258;0;10;NB;02-sept
RE0;M;0.258;1;10;NB;02-sept
RE0;M;0.258;2;9;NB;02-sept
RE0;M;0.507;0;10;NC;02-sept
RE0;M;0.507;1;2;NC;02-sept
RE0;M;0.507;2;1;NC;02-sept
SE2;M;0.00;0;10;ControlA;28-juil
SE2;M;0.00;1;10;ControlA;28-juil
SE2;M;0.00;2;9;ControlA;28-juil
SE2;M;0.507;0;10;AA;28-juil
SE2;M;0.507;1;9;AA;28-juil
SE2;M;0.507;2;8;AA;28-juil
SE2;M;1.762;0;10;AB;28-juil
SE2;M;1.762;1;0;AB;28-juil
SE2;M;1.762;2;0;AB;28-juil
SE2;M;0.00;0;10;ControlB;29-juil
SE2;M;0.00;1;10;ControlB;29-juil
SE2;M;0.00;2;10;ControlB;29-juil
SE2;M;0.9930;0;10;BA;29-juil
SE2;M;0.9930;1;5;BA;29-juil
SE2;M;0.9930;2;1;BA;29-juil
SE2;M;1.255;0;10;BB;29-juil
SE2;M;1.255;1;2;BB;29-juil
SE2;M;1.255;2;0;BB;29-juil
SE2;M;1.5200;0;10;BC;29-juil
SE2;M;1.5200;1;1;BC;29-juil
SE2;M;1.5200;2;0;BC;29-juil
SE2;M;0.00;0;10;ControlC;04-août
SE2;M;0.00;1;10;ControlC;04-août
SE2;M;0.00;2;10;ControlC;04-août
SE2;M;2.0380;0;10;CA;04-août
SE2;M;2.0380;1;0;CA;04-août
SE2;M;2.0380;2;0;CA;04-août
SE2;M;3.0160;0;10;CC;04-août
SE2;M;3.0160;1;0;CC;04-août
SE2;M;3.0160;2;0;CC;04-août
SE2;M;4.9960;0;10;CE;04-août
SE2;M;4.9960;1;0;CE;04-août
SE2;M;4.9960;2;0;CE;04-août
SE2;M;0.00;0;10;ControlD;05-août
SE2;M;0.00;1;10;ControlD;05-août
SE2;M;0.00;2;10;ControlD;05-août
SE2;M;4.9960;0;10;DC;05-août
SE2;M;4.9960;1;0;DC;05-août
SE2;M;4.9960;2;0;DC;05-août
SE2;M;0.00;0;20;Econtrol;06-août
SE2;M;0.00;1;20;Econtrol;06-août
SE2;M;0.00;2;20;Econtrol;06-août
SE2;M;0.507;0;10;EA;06-août
SE2;M;0.507;1;10;EA;06-août
SE2;M;0.507;2;10;EA;06-août
SE2;M;0.9930;0;10;EB;06-août
SE2;M;0.9930;1;7;EB;06-août
SE2;M;0.9930;2;1;EB;06-août
SE2;M;1.255;0;10;EC;06-août
SE2;M;1.255;1;2;EC;06-août
SE2;M;1.255;2;1;EC;06-août
SE2;M;1.5200;0;10;ED;06-août
SE2;M;1.5200;1;0;ED;06-août
SE2;M;1.5200;2;0;ED;06-août
SE2;M;1.762;0;10;EE;06-août
SE2;M;1.762;1;0;EE;06-août
SE2;M;1.762;2;0;EE;06-août
SE2;M;2.0380;0;10;EF;06-août
SE2;M;2.0380;1;0;EF;06-août
SE2;M;2.0380;2;0;EF;06-août
SE2;M;0.00;0;10;ControlF;11-août
SE2;M;0.00;1;10;ControlF;11-août
SE2;M;0.00;2;10;ControlF;11-août
SE2;M;0.507;0;10;FA;11-août
SE2;M;0.507;1;9;FA;11-août
SE2;M;0.507;2;7;FA;11-août
SE2;M;0.9930;0;10;FB;11-août
SE2;M;0.9930;1;7;FB;11-août
SE2;M;0.9930;2;1;FB;11-août
SE2;M;1.255;0;10;FC;11-août
SE2;M;1.255;1;1;FC;11-août
SE2;M;1.255;2;1;FC;11-août
SE2;M;1.5200;0;10;FD;11-août
SE2;M;1.5200;1;0;FD;11-août
SE2;M;1.5200;2;0;FD;11-août
SE2;M;0.00;0;10;ControlG;12-août
SE2;M;0.00;1;10;ControlG;12-août
SE2;M;0.00;2;10;ControlG;12-août
SE2;M;0.507;0;10;GA;12-août
SE2;M;0.507;1;10;GA;12-août
SE2;M;0.507;2;9;GA;12-août
SE2;M;0.9930;0;10;GB;12-août
SE2;M;0.9930;1;6;GB;12-août
SE2;M;0.9930;2;2;GB;12-août
SE2;M;1.255;0;10;GC;12-août
SE2;M;1.255;1;5;GC;12-août
SE2;M;1.255;2;0;GC;12-août
SE2;M;1.5200;0;10;GD;12-août
SE2;M;1.5200;1;3;GD;12-août
SE2;M;1.5200;2;0;GD;12-août
SE2;M;3.0160;0;10;GE;12-août
SE2;M;3.0160;1;0;GE;12-août
SE2;M;3.0160;2;0;GE;12-août
SE2;M;3.0160;0;10;GF;12-août
SE2;M;3.0160;1;0;GF;12-août
SE2;M;3.0160;2;0;GF;12-août
SE2;M;0.00;0;20;ControlH;13-août
SE2;M;0.00;1;20;ControlH;13-août
SE2;M;0.00;2;20;ControlH;13-août
SE2;M;0.507;0;10;HA;13-août
SE2;M;0.507;1;10;HA;13-août
SE2;M;0.507;2;10;HA;13-août
SE2;M;0.9930;0;10;HB;13-août
SE2;M;0.9930;1;1;HB;13-août
SE2;M;0.9930;2;1;HB;13-août
SE2;M;1.255;0;10;HC;13-août
SE2;M;1.255;1;1;HC;13-août
SE2;M;1.255;2;0;HC;13-août
SE2;M;1.5200;0;10;HD;13-août
SE2;M;1.5200;1;0;HD;13-août
SE2;M;1.5200;2;0;HD;13-août
SE2;M;1.762;0;10;HE;13-août
SE2;M;1.762;1;0;HE;13-août
SE2;M;1.762;2;0;HE;13-août
SE2;M;2.0380;0;10;HF;13-août
SE2;M;2.0380;1;0;HF;13-août
SE2;M;2.0380;2;0;HF;13-août
SE2;M;3.0160;0;10;HG;13-août
SE2;M;3.0160;1;0;HG;13-août
SE2;M;3.0160;2;0;HG;13-août
SE2;M;3.0160;0;10;HH;13-août
SE2;M;3.0160;1;0;HH;13-août
SE2;M;3.0160;2;0;HH;13-août
SE2;M;4.9960;0;10;HI;13-août
SE2;M;4.9960;1;0;HI;13-août
SE2;M;4.9960;2;0;HI;13-août
SE2;M;0.00;0;10;ControlI;18-août
SE2;M;0.00;1;10;ControlI;18-août
SE2;M;0.00;2;10;ControlI;18-août
SE2;M;1.762;0;10;IA;18-août
SE2;M;1.762;1;0;IA;18-août
SE2;M;1.762;2;0;IA;18-août
SE2;M;2.0380;0;10;IB;18-août
SE2;M;2.0380;1;0;IB;18-août
SE2;M;2.0380;2;0;IB;18-août
SE2;M;4.9960;0;10;IC;18-août
SE2;M;4.9960;1;0;IC;18-août
SE2;M;4.9960;2;0;IC;18-août
SE2;M;0.00;0;10;ControlJ;19-août
SE2;M;0.00;1;10;ControlJ;19-août
SE2;M;0.00;2;10;ControlJ;19-août
SE2;M;1.762;0;10;JA;19-août
SE2;M;1.762;1;0;JA;19-août
SE2;M;1.762;2;0;JA;19-août
SE2;M;2.0380;0;10;JB;19-août
SE2;M;2.0380;1;0;JB;19-août
SE2;M;2.0380;2;0;JB;19-août
SE2;M;4.9960;0;10;JC;19-août
SE2;M;4.9960;1;0;JC;19-août
SE2;M;4.9960;2;0;JC;19-août
SE2;M;4.9960;0;10;JD;19-août
SE2;M;4.9960;1;0;JD;19-août
SE2;M;4.9960;2;0;JD;19-août
SE2;M;0.00;0;10;ControlK;25-août
SE2;M;0.00;1;10;ControlK;25-août
SE2;M;0.00;2;10;ControlK;25-août
SE2;M;0.258;0;10;KA;25-août
SE2;M;0.258;1;9;KA;25-août
SE2;M;0.258;2;8;KA;25-août
SE2;M;0.258;0;10;KB;25-août
SE2;M;0.258;1;10;KB;25-août
SE2;M;0.258;2;10;KB;25-août
SE2;M;0.258;0;10;KC;25-août
SE2;M;0.258;1;10;KC;25-août
SE2;M;0.258;2;10;KC;25-août
SE2;M;0.258;0;10;KD;25-août
SE2;M;0.258;1;8;KD;25-août
SE2;M;0.258;2;8;KD;25-août
SE2;M;0.258;0;10;KE;25-août
SE2;M;0.258;1;10;KE;25-août
SE2;M;0.258;2;9;KE;25-août
SE5;M;0.00;0;10;ControlA;26-févr
SE5;M;0.00;1;10;ControlA;26-févr
SE5;M;0.00;2;9;ControlA;26-févr
SE5;M;0.9930;0;10;AA;26-févr
SE5;M;0.9930;1;10;AA;26-févr
SE5;M;0.9930;2;10;AA;26-févr
SE5;M;1.255;0;10;AB;26-févr
SE5;M;1.255;1;10;AB;26-févr
SE5;M;1.255;2;9;AB;26-févr
SE5;M;1.5200;0;10;AC;26-févr
SE5;M;1.5200;1;9;AC;26-févr
SE5;M;1.5200;2;6;AC;26-févr
SE5;M;1.762;0;10;AD;26-févr
SE5;M;1.762;1;7;AD;26-févr
SE5;M;1.762;2;7;AD;26-févr
SE5;M;2.0380;0;10;AE;26-févr
SE5;M;2.0380;1;5;AE;26-févr
SE5;M;2.0380;2;5;AE;26-févr
SE5;M;3.0160;0;10;AF;26-févr
SE5;M;3.0160;1;2;AF;26-févr
SE5;M;3.0160;2;1;AF;26-févr
SE5;M;0.00;0;10;ControlB;26-févr
SE5;M;0.00;1;10;ControlB;26-févr
SE5;M;0.00;2;10;ControlB;26-févr
SE5;M;0.9930;0;10;BA;26-févr
SE5;M;0.9930;1;9;BA;26-févr
SE5;M;0.9930;2;9;BA;26-févr
SE5;M;1.255;0;10;BB;26-févr
SE5;M;1.255;1;8;BB;26-févr
SE5;M;1.255;2;7;BB;26-févr
SE5;M;1.5200;0;10;BC;26-févr
SE5;M;1.5200;1;8;BC;26-févr
SE5;M;1.5200;2;6;BC;26-févr
SE5;M;1.762;0;10;BD;26-févr
SE5;M;1.762;1;10;BD;26-févr
SE5;M;1.762;2;9;BD;26-févr
SE5;M;2.0380;0;10;BE;26-févr
SE5;M;2.0380;1;8;BE;26-févr
SE5;M;2.0380;2;4;BE;26-févr
SE5;M;3.0160;0;10;BF;26-févr
SE5;M;3.0160;1;2;BF;26-févr
SE5;M;3.0160;2;1;BF;26-févr
SE5;M;0.00;0;20;ControlC;03-mars
SE5;M;0.00;1;19;ControlC;03-mars
SE5;M;0.00;2;19;ControlC;03-mars
SE5;M;0.9930;0;10;CA;03-mars
SE5;M;0.9930;1;10;CA;03-mars
SE5;M;0.9930;2;6;CA;03-mars
SE5;M;1.255;0;10;CB;03-mars
SE5;M;1.255;1;8;CB;03-mars
SE5;M;1.255;2;4;CB;03-mars
SE5;M;1.5200;0;10;CC;03-mars
SE5;M;1.5200;1;6;CC;03-mars
SE5;M;1.5200;2;0;CC;03-mars
SE5;M;1.762;0;10;CD;03-mars
SE5;M;1.762;1;0;CD;03-mars
SE5;M;1.762;2;0;CD;03-mars
SE5;M;2.0380;0;10;CE;03-mars
SE5;M;2.0380;1;0;CE;03-mars
SE5;M;2.0380;2;0;CE;03-mars
SE5;M;3.0160;0;10;CF;03-mars
SE5;M;3.0160;1;0;CF;03-mars
SE5;M;3.0160;2;0;CF;03-mars
SE5;M;0.00;0;10;ControlD;07-juil
SE5;M;0.00;1;10;ControlD;07-juil
SE5;M;0.00;2;10;ControlD;07-juil
SE5;M;0.507;0;10;DAA;07-juil
SE5;M;0.507;1;10;DAA;07-juil
SE5;M;0.507;2;10;DAA;07-juil
SE5;M;0.9930;0;10;DA;07-juil
SE5;M;0.9930;1;10;DA;07-juil
SE5;M;0.9930;2;10;DA;07-juil
SE5;M;1.255;0;10;DB;07-juil
SE5;M;1.255;1;9;DB;07-juil
SE5;M;1.255;2;9;DB;07-juil
SE5;M;1.5200;0;10;DC;07-juil
SE5;M;1.5200;1;10;DC;07-juil
SE5;M;1.5200;2;9;DC;07-juil
SE5;M;1.762;0;10;DD;07-juil
SE5;M;1.762;1;8;DD;07-juil
SE5;M;1.762;2;8;DD;07-juil
SE5;M;2.0380;0;10;DE;07-juil
SE5;M;2.0380;1;10;DE;07-juil
SE5;M;2.0380;2;7;DE;07-juil
SE5;M;3.0160;0;10;DF;07-juil
SE5;M;3.0160;1;3;DF;07-juil
SE5;M;3.0160;2;1;DF;07-juil
SE5;M;0.00;0;10;ControlE;08-juil
SE5;M;0.00;1;10;ControlE;08-juil
SE5;M;0.00;2;9;ControlE;08-juil
SE5;M;0.507;0;10;EAA;08-juil
SE5;M;0.507;1;10;EAA;08-juil
SE5;M;0.507;2;10;EAA;08-juil
SE5;M;0.9930;0;10;EA;08-juil
SE5;M;0.9930;1;10;EA;08-juil
SE5;M;0.9930;2;10;EA;08-juil
SE5;M;1.255;0;10;EB;08-juil
SE5;M;1.255;1;10;EB;08-juil
SE5;M;1.255;2;10;EB;08-juil
SE5;M;1.5200;0;10;EC;08-juil
SE5;M;1.5200;1;10;EC;08-juil
SE5;M;1.5200;2;10;EC;08-juil
SE5;M;1.762;0;10;ED;08-juil
SE5;M;1.762;1;9;ED;08-juil
SE5;M;1.762;2;6;ED;08-juil
SE5;M;2.0380;0;10;EE;08-juil
SE5;M;2.0380;1;9;EE;08-juil
SE5;M;2.0380;2;8;EE;08-juil
SE5;M;3.0160;0;10;EF;08-juil
SE5;M;3.0160;1;3;EF;08-juil
SE5;M;3.0160;2;0;EF;08-juil
SE5;M;0.00;0;10;ControlF;05-août
SE5;M;0.00;1;10;ControlF;05-août
SE5;M;0.00;2;10;ControlF;05-août
SE5;M;0.507;0;10;FA;05-août
SE5;M;0.507;1;10;FA;05-août
SE5;M;0.507;2;10;FA;05-août
SE5;M;0.00;0;10;ControlG;06-août
SE5;M;0.00;1;10;ControlG;06-août
SE5;M;0.00;2;10;ControlG;06-août
SE5;M;0.507;0;10;GA;06-août
SE5;M;0.507;1;10;GA;06-août
SE5;M;0.507;2;10;GA;06-août
SE5;M;0.507;0;10;GB;06-août
SE5;M;0.507;1;10;GB;06-août
SE5;M;0.507;2;10;GB;06-août
SE5;M;4.9960;0;10;GC;06-août
SE5;M;4.9960;1;0;GC;06-août
SE5;M;4.9960;2;0;GC;06-août
SE5;M;4.9960;0;10;GD;06-août
SE5;M;4.9960;1;0;GD;06-août
SE5;M;4.9960;2;0;GD;06-août
SE5;M;4.9960;0;10;GE;06-août
SE5;M;4.9960;1;0;GE;06-août
SE5;M;4.9960;2;0;GE;06-août
SE5;M;0.00;0;10;ControlH;11-août
SE5;M;0.00;1;10;ControlH;11-août
SE5;M;0.00;2;10;ControlH;11-août
SE5;M;2.305;0;10;HA;11-août
SE5;M;2.305;1;7;HA;11-août
SE5;M;2.305;2;4;HA;11-août
SE5;M;2.305;0;10;HB;11-août
SE5;M;2.305;1;7;HB;11-août
SE5;M;2.305;2;5;HB;11-août
SE5;M;3.283;0;10;HC;11-août
SE5;M;3.283;1;1;HC;11-août
SE5;M;3.283;2;0;HC;11-août
SE5;M;4.9960;0;10;HD;11-août
SE5;M;4.9960;1;0;HD;11-août
SE5;M;4.9960;2;0;HD;11-août
SE5;M;0.00;0;10;ControlI;12-août
SE5;M;0.00;1;10;ControlI;12-août
SE5;M;0.00;2;9;ControlI;12-août
SE5;M;2.305;0;10;IA;12-août
SE5;M;2.305;1;8;IA;12-août
SE5;M;2.305;2;6;IA;12-août
SE5;M;4.9960;0;10;IB;12-août
SE5;M;4.9960;1;0;IB;12-août
SE5;M;4.9960;2;0;IB;12-août
SE5;M;0.00;0;10;ControlJ;26-août
SE5;M;0.00;1;10;ControlJ;26-août
SE5;M;0.00;2;9;ControlJ;26-août
SE5;M;2.305;0;10;JA;26-août
SE5;M;2.305;1;2;JA;26-août
SE5;M;2.305;2;0;JA;26-août
SE5;M;2.305;0;10;JB;26-août
SE5;M;2.305;1;4;JB;26-août
SE5;M;2.305;2;0;JB;26-août
SE5;M;3.283;0;10;JC;26-août
SE5;M;3.283;1;1;JC;26-août
SE5;M;3.283;2;0;JC;26-août
SE5;M;3.283;0;10;JD;26-août
SE5;M;3.283;1;1;JD;26-août
SE5;M;3.283;2;0;JD;26-août
SE5;M;3.283;0;10;JE;26-août
SE5;M;3.283;1;0;JE;26-août
SE5;M;3.283;2;0;JE;26-août
SE5;M;0.00;0;10;ControlK;15-sept
SE5;M;0.00;1;10;ControlK;15-sept
SE5;M;0.00;2;10;ControlK;15-sept
SE5;M;3.283;0;10;KA;15-sept
SE5;M;3.283;1;1;KA;15-sept
SE5;M;3.283;2;0;KA;15-sept
